id_invoice,tanggal,id_customer,nama_customer,kota,nama_produk,total_barang_terjual,total_pembelian,id_distributor,kategori_grup
IN5978,2022-05-25,CUST55670,"APOTEK SINAR JAYA",Bekasi,"ACYCLOVIR DUS",9,10529.19,TD,Apotek
IN5979,2022-03-28,CUST55598,"APOTEK MAJA",Kuningan,"AMBROXOL HC",18,104052.60,TA,Apotek
IN5980,2022-01-23,CUST55432,"APOTEK TAPAK",Aceh,AMPICILLIN,20,213812.00,TA,Apotek
IN5981,2022-01-28,CUST55443,"APOTEK MERDEKA",Bandung,"TRAMADOL KAPSUL 50 MG",76,661253.20,EPM,Apotek
IN5982,2022-01-30,CUST55535,"APOTEK SINAR JAYA",Bekasi,"KETOCONAZOLE TABLET 200 MG",5,14096.00,TD,Apotek
IN5983,2022-04-21,CUST55622,"KLINIK GM",Jakarta,AMPICILLIN,67,716270.20,EPM,Klinik
IN5984,2022-05-01,CUST55714,"KLINIK SAHABAT",Tangerang,"KLORPROMAZINA TABLET SALUT SELAPUT 100 MG",8,45186.40,TD,Klinik
IN5985,2022-04-18,CUST55640,"APOTEK SINAR JAYA",Bekasi,"ACYCLOVIR DUS",22,25738.02,TD,Apotek
IN5986,2022-02-15,CUST55557,"APOTEK SINAR JAYA",Bekasi,"ALERGINE TABLET SALUT",9,35927.10,TA,Apotek
IN5987,2022-04-19,CUST55659,"KLINIK GM",Jakarta,PARACETAMOL,14,97164.20,EPM,Klinik
IN5988,2022-02-09,CUST55551,"APOTEK SAHABAT",Padang,"ALERGINE TABLET SALUT",10,23375.00,EPM,Apotek
IN5989,2022-05-01,CUST55719,"KLINIK GM",Jakarta,PARACETAMOL,67,465000.10,TA,Klinik
IN5990,2022-05-03,CUST55706,"KLINIK SAHABAT",Tangerang,"ACYCLOVIR DUS",10,45921.00,TA,Klinik
IN5991,2022-01-23,CUST55414,"KLINIK SAHABAT",Tangerang,"KLORPROMAZINA TABLET SALUT SELAPUT 100 MG",24,135559.20,TD,Klinik
IN5992,2022-06-16,CUST55707,"APOTEK SINAR JAYA",Bekasi,"ALERGINE TABLET SALUT",23,91813.70,EPM,Apotek
IN5993,2022-05-26,CUST55671,"APOTEK SAHABAT",Padang,"ALERGINE TABLET SALUT",1,2337.50,TD,Apotek
IN5994,2022-02-01,CUST55411,"APOTEK MAJA",Kuningan,"ALERGINE TABLET SALUT",12,28050.00,TD,Apotek
IN5995,2022-04-06,CUST55607,"KLINIK GM",Jakarta,"TETRACYCLINE KAPSUL 250 MG",14,55886.60,TD,Klinik
IN5996,2022-05-25,CUST55656,"APOTEK SAHABAT",Padang,"ERGOTAMINE COFFEINE",22,101026.20,EPM,Apotek
IN5997,2022-01-20,CUST55380,"APOTEK TAPAK",Aceh,"ACYCLOVIR DUS",1,1169.91,TD,Apotek
IN5998,2022-04-09,CUST55610,"APOTEK SINAR JAYA",Bekasi,"ACYCLOVIR DUS",23,26907.93,TD,Apotek
IN5999,2022-05-01,CUST55632,"APOTEK SINAR JAYA",Bekasi,AMPICILLIN,5,53453.00,EPM,Apotek
IN6000,2022-06-16,CUST55717,"APOTEK TAPAK",Aceh,"TETRACYCLINE KAPSUL 250 MG",7,27943.30,EPM,Apotek
IN6001,2022-04-02,CUST55603,"APOTEK SAHABAT",Padang,"TRAMADOL KAPSUL 50 MG",21,182714.70,TD,Apotek
IN6002,2022-02-04,CUST55546,"APOTEK MAJA",Kuningan,"ERGOTAMINE COFFEINE",14,64289.40,TD,Apotek
IN6003,2022-01-27,CUST55424,"KLINIK DR. ANDRI",Lampung,"KLORPROMAZINA TABLET SALUT SELAPUT 100 MG",9,50834.70,TD,Klinik
IN6004,2022-05-01,CUST55729,"KLINIK SAHABAT",Tangerang,PARACETAMOL,5,34701.50,TA,Klinik
IN6005,2022-02-01,CUST55447,"APOTEK TAPAK",Aceh,"TETRACYCLINE KAPSUL 250 MG",12,47902.80,EPM,Apotek
IN6006,2022-02-12,CUST55554,"KLINIK GM",Jakarta,"KLORPROMAZINA TABLET SALUT SELAPUT 100 MG",5,28241.50,TA,Klinik
IN6007,2022-05-02,CUST55715,"APOTEK SINAR JAYA",Bekasi,"KETOCONAZOLE TABLET 200 MG",9,25372.80,TD,Apotek
IN6008,2022-01-30,CUST55469,"KLINIK DR. ANDRI",Lampung,"TRAMADOL KAPSUL 50 MG",12,83283.60,TA,Klinik
IN6009,2022-04-28,CUST55637,"KLINIK GM",Jakarta,"TETRACYCLINE KAPSUL 250 MG",76,303384.40,TD,Klinik
IN6010,2022-05-31,CUST55676,"KLINIK SAHABAT",Tangerang,"ACYCLOVIR DUS",5,22960.50,EPM,Klinik
IN6011,2022-02-25,CUST55567,"APOTEK TAPAK",Aceh,"TETRACYCLINE KAPSUL 250 MG",10,39919.00,TA,Apotek
IN6012,2022-06-16,CUST55712,"KLINIK GM",Jakarta,AMPICILLIN,5,53453.00,TA,Klinik
IN6013,2022-01-28,CUST55407,"APOTEK SINAR JAYA",Bekasi,"ALERGINE TABLET SALUT",25,99797.50,TD,Apotek
IN6014,2022-03-21,CUST55591,"APOTEK MAJA",Kuningan,"ALERGINE TABLET SALUT",34,79475.00,TA,Apotek
IN6015,2022-01-31,CUST55482,"APOTEK SINAR JAYA",Bekasi,AMPICILLIN,5,53453.00,TD,Apotek
IN6016,2022-03-09,CUST55579,"KLINIK SAHABAT",Tangerang,PARACETAMOL,5,34701.50,TD,Klinik
IN6017,2022-02-01,CUST55513,"APOTEK SAHABAT",Padang,"TRAMADOL KAPSUL 50 MG",23,200116.10,TA,Apotek
IN6018,2022-04-01,CUST55602,"APOTEK SINAR JAYA",Bekasi,AMPICILLIN,14,149668.40,EPM,Apotek
IN6019,2022-04-20,CUST55663,"APOTEK SAHABAT",Padang,"TRAMADOL KAPSUL 50 MG",12,104408.40,EPM,Apotek
IN6020,2022-03-11,CUST55581,"APOTEK SAHABAT",Padang,"ALERGINE TABLET SALUT",1,2337.50,TA,Apotek
IN6021,2022-04-19,CUST55620,"APOTEK TAPAK",Aceh,"ACYCLOVIR DUS",7,8189.37,TD,Apotek
IN6022,2022-05-23,CUST55654,"KLINIK SAHABAT",Tangerang,"KLORPROMAZINA TABLET SALUT SELAPUT 100 MG",9,50834.70,TD,Klinik
IN6023,2022-02-01,CUST55399,"KLINIK SAHABAT",Tangerang,PARACETAMOL,15,104104.50,EPM,Klinik
IN6024,2022-01-27,CUST55394,"KLINIK DR. ANDRI",Lampung,"KLORPROMAZINA TABLET SALUT SELAPUT 100 MG",12,67779.60,TD,Klinik
IN6025,2022-01-30,CUST55523,"APOTEK MAJA",Kuningan,"TRAMADOL KAPSUL 50 MG",7,60904.90,TA,Apotek
IN6026,2022-02-16,CUST55558,"APOTEK SAHABAT",Padang,AMPICILLIN,21,121394.70,EPM,Apotek
IN6027,2022-04-11,CUST55612,"APOTEK TAPAK",Aceh,AMPICILLIN,10,106906.00,EPM,Apotek
IN6028,2022-01-23,CUST55420,"APOTEK MERDEKA",Bandung,"ACYCLOVIR DUS",98,114651.18,EPM,Apotek
IN6029,2022-01-28,CUST55389,"KLINIK GM",Jakarta,PARACETAMOL,4,27761.20,EPM,Klinik
IN6030,2022-05-01,CUST55709,"KLINIK DR. ANDRI",Lampung,"TRAMADOL KAPSUL 50 MG",10,69403.00,TA,Klinik
IN6031,2022-04-15,CUST55616,"KLINIK SAHABAT",Tangerang,"ACYCLOVIR DUS",4,18368.40,TD,Klinik
IN6032,2022-06-03,CUST55679,"KLINIK DR. ANDRI",Lampung,"TRAMADOL KAPSUL 50 MG",23,159626.90,TA,Klinik
IN6033,2022-06-12,CUST55688,"APOTEK MAJA",Kuningan,"AMBROXOL HC",34,196543.80,TD,Apotek
IN6034,2022-02-20,CUST55562,"KLINIK GM",Jakarta,AMPICILLIN,14,149668.40,TD,Klinik
IN6035,2022-04-25,CUST55626,"APOTEK SAHABAT",Padang,"ERGOTAMINE COFFEINE",20,91842.00,EPM,Apotek
IN6036,2022-01-27,CUST55388,"APOTEK MAJA",Kuningan,"AMBROXOL HC",23,132956.10,TA,Apotek
IN6037,2022-05-03,CUST55721,"KLINIK SAHABAT",Tangerang,"ALERGINE TABLET SALUT",45,105187.50,TD,Klinik
IN6038,2022-01-30,CUST55517,"KLINIK GM",Jakarta,"TETRACYCLINE KAPSUL 250 MG",98,391206.20,TA,Klinik
IN6039,2022-01-23,CUST55480,"APOTEK MERDEKA",Bandung,"ACYCLOVIR DUS",13,15208.83,EPM,Apotek
IN6040,2022-01-31,CUST55470,"APOTEK TAPAK",Aceh,"ACYCLOVIR DUS",10,11699.10,EPM,Apotek
IN6041,2022-02-28,CUST55570,"APOTEK MERDEKA",Bandung,"ACYCLOVIR DUS",5,5849.55,TD,Apotek
IN6042,2022-01-31,CUST55428,"APOTEK MERDEKA",Bandung,"AMBROXOL HC",67,387306.90,TD,Apotek
IN6043,2022-03-10,CUST55580,"APOTEK SINAR JAYA",Bekasi,"ACYCLOVIR DUS",9,10529.19,TD,Apotek
IN6044,2022-05-01,CUST55694,"KLINIK DR. ANDRI",Lampung,"KLORPROMAZINA TABLET SALUT SELAPUT 100 MG",18,101669.40,TD,Klinik
IN6045,2022-01-31,CUST55506,"APOTEK SAHABAT",Padang,"ERGOTAMINE COFFEINE",21,96434.10,TA,Apotek
IN6046,2022-06-15,CUST55691,"KLINIK SAHABAT",Tangerang,"ALERGINE TABLET SALUT",12,28050.00,TD,Klinik
IN6047,2022-04-26,CUST55635,"APOTEK TAPAK",Aceh,"KETOCONAZOLE TABLET 200 MG",12,33830.40,TA,Apotek
IN6048,2022-01-31,CUST55464,"KLINIK GM",Jakarta,"KLORPROMAZINA TABLET SALUT SELAPUT 100 MG",25,141207.50,EPM,Klinik
IN6049,2022-01-28,CUST55479,"KLINIK GM",Jakarta,PARACETAMOL,9,62462.70,TA,Klinik
IN6050,2022-01-31,CUST55434,"KLINIK GM",Jakarta,"KLORPROMAZINA TABLET SALUT SELAPUT 100 MG",34,192042.20,TD,Klinik
IN6051,2022-03-23,CUST55593,"APOTEK MERDEKA",Bandung,"TRAMADOL KAPSUL 50 MG",15,130510.50,TD,Apotek
IN6052,2022-01-23,CUST55385,"APOTEK SINAR JAYA",Bekasi,"KETOCONAZOLE TABLET 200 MG",5,14096.00,TA,Apotek
IN6053,2022-01-28,CUST55437,"APOTEK SINAR JAYA",Bekasi,"ALERGINE TABLET SALUT",44,175643.60,EPM,Apotek
IN6054,2022-02-01,CUST55435,"APOTEK MERDEKA",Bandung,"KETOCONAZOLE TABLET 200 MG",34,95852.80,TD,Apotek
IN6055,2022-03-13,CUST55583,"APOTEK MAJA",Kuningan,"TRAMADOL KAPSUL 50 MG",4,34802.80,TD,Apotek
IN6056,2022-04-20,CUST55621,"APOTEK MAJA",Kuningan,"ALERGINE TABLET SALUT",100,233750.00,TA,Apotek
IN6057,2022-05-17,CUST55648,"APOTEK SAHABAT",Padang,AMPICILLIN,10,57807.00,TA,Apotek
IN6058,2022-01-27,CUST55532,"KLINIK GM",Jakarta,AMPICILLIN,34,363480.40,TD,Klinik
IN6059,2022-06-07,CUST55683,"APOTEK MERDEKA",Bandung,"TRAMADOL KAPSUL 50 MG",11,95707.70,EPM,Apotek
IN6060,2022-02-01,CUST55543,"APOTEK SAHABAT",Padang,"TRAMADOL KAPSUL 50 MG",22,191415.40,TD,Apotek
IN6061,2022-02-24,CUST55566,"APOTEK SAHABAT",Padang,"ERGOTAMINE COFFEINE",12,55105.20,TD,Apotek
IN6062,2022-01-27,CUST55490,"APOTEK SINAR JAYA",Bekasi,"ACYCLOVIR DUS",12,14038.92,TA,Apotek
IN6063,2022-02-01,CUST55417,"APOTEK TAPAK",Aceh,"TETRACYCLINE KAPSUL 250 MG",12,47902.80,TD,Apotek
IN6064,2022-01-28,CUST55515,"APOTEK TAPAK",Aceh,"KETOCONAZOLE TABLET 200 MG",10,28192.00,TD,Apotek
IN6065,2022-01-23,CUST55474,"KLINIK SAHABAT",Tangerang,"KLORPROMAZINA TABLET SALUT SELAPUT 100 MG",4,22593.20,EPM,Klinik
IN6066,2022-01-27,CUST55538,"APOTEK MAJA",Kuningan,"AMBROXOL HC",12,69368.40,EPM,Apotek
IN6067,2022-05-01,CUST55704,"KLINIK GM",Jakarta,"KLORPROMAZINA TABLET SALUT SELAPUT 100 MG",14,79076.20,TD,Klinik
IN6068,2022-01-31,CUST55536,"APOTEK SAHABAT",Padang,"ERGOTAMINE COFFEINE",6,27552.60,TD,Apotek
IN6069,2022-03-01,CUST55571,"KLINIK SAHABAT",Tangerang,"ALERGINE TABLET SALUT",4,9350.00,TA,Klinik
IN6070,2022-01-28,CUST55485,"APOTEK TAPAK",Aceh,"KETOCONAZOLE TABLET 200 MG",23,64841.60,TD,Apotek
IN6071,2022-04-27,CUST55636,"APOTEK MAJA",Kuningan,"ERGOTAMINE COFFEINE",95,436249.50,EPM,Apotek
IN6072,2022-02-01,CUST55477,"APOTEK TAPAK",Aceh,"TETRACYCLINE KAPSUL 250 MG",1,3991.90,EPM,Apotek
IN6073,2022-04-27,CUST55628,"APOTEK MAJA",Kuningan,"AMBROXOL HC",34,196543.80,TA,Apotek
IN6074,2022-01-27,CUST55472,"KLINIK GM",Jakarta,AMPICILLIN,98,1047678.80,TD,Klinik
IN6075,2022-04-16,CUST55638,"APOTEK MERDEKA",Bandung,"AMBROXOL HC",48,277473.60,TA,Apotek
IN6076,2022-03-24,CUST55594,"KLINIK SAHABAT",Tangerang,"KLORPROMAZINA TABLET SALUT SELAPUT 100 MG",12,67779.60,TA,Klinik
IN6077,2022-05-16,CUST55647,"APOTEK SINAR JAYA",Bekasi,"ALERGINE TABLET SALUT",12,47902.80,TD,Apotek
IN6078,2022-03-30,CUST55600,"APOTEK MERDEKA",Bandung,"ACYCLOVIR DUS",12,14038.92,TD,Apotek
IN6079,2022-01-31,CUST55494,"KLINIK GM",Jakarta,"KLORPROMAZINA TABLET SALUT SELAPUT 100 MG",34,192042.20,EPM,Klinik
IN6080,2022-03-26,CUST55596,"APOTEK SAHABAT",Padang,"ERGOTAMINE COFFEINE",14,64289.40,TD,Apotek
IN6081,2022-03-19,CUST55589,"KLINIK DR. ANDRI",Lampung,"TRAMADOL KAPSUL 50 MG",25,173507.50,TD,Klinik
IN6082,2022-04-16,CUST55617,"APOTEK SINAR JAYA",Bekasi,"ALERGINE TABLET SALUT",8,31935.20,TD,Apotek
IN6083,2022-01-30,CUST55487,"KLINIK GM",Jakarta,"TETRACYCLINE KAPSUL 250 MG",2,7983.80,EPM,Klinik
IN6084,2022-02-01,CUST55471,"APOTEK MAJA",Kuningan,"ALERGINE TABLET SALUT",67,156612.50,TD,Apotek
IN6085,2022-03-31,CUST55601,"KLINIK SAHABAT",Tangerang,"ALERGINE TABLET SALUT",25,58437.50,TA,Klinik
IN6086,2022-01-23,CUST55408,"APOTEK SAHABAT",Padang,AMPICILLIN,14,80929.80,TD,Apotek
IN6087,2022-02-18,CUST55560,"APOTEK TAPAK",Aceh,"ACYCLOVIR DUS",12,14038.92,TA,Apotek
IN6088,2022-02-06,CUST55548,"APOTEK MERDEKA",Bandung,"AMBROXOL HC",10,57807.00,EPM,Apotek
IN6089,2022-01-25,CUST55386,"APOTEK SAHABAT",Padang,"ERGOTAMINE COFFEINE",9,41328.90,EPM,Apotek
IN6090,2022-05-24,CUST55655,"APOTEK SINAR JAYA",Bekasi,"KETOCONAZOLE TABLET 200 MG",21,59203.20,TA,Apotek
IN6091,2022-06-11,CUST55687,"APOTEK TAPAK",Aceh,"TETRACYCLINE KAPSUL 250 MG",14,55886.60,TD,Apotek
IN6092,2022-03-14,CUST55584,"KLINIK GM",Jakarta,"KLORPROMAZINA TABLET SALUT SELAPUT 100 MG",2,11296.60,TA,Klinik
IN6093,2022-05-29,CUST55674,"KLINIK GM",Jakarta,"KLORPROMAZINA TABLET SALUT SELAPUT 100 MG",13,73427.90,TD,Klinik
IN6094,2022-05-02,CUST55710,"APOTEK TAPAK",Aceh,"ACYCLOVIR DUS",67,78383.97,EPM,Apotek
IN6095,2022-01-27,CUST55478,"APOTEK MAJA",Kuningan,"AMBROXOL HC",5,28903.50,TD,Apotek
IN6096,2022-02-19,CUST55561,"APOTEK MAJA",Kuningan,"ALERGINE TABLET SALUT",25,58437.50,EPM,Apotek
IN6097,2022-04-30,CUST55718,"APOTEK MAJA",Kuningan,"AMBROXOL HC",100,578070.00,TD,Apotek
IN6098,2022-03-29,CUST55599,"KLINIK GM",Jakarta,PARACETAMOL,19,131865.70,EPM,Klinik
IN6099,2022-01-30,CUST55457,"KLINIK GM",Jakarta,"TETRACYCLINE KAPSUL 250 MG",5,19959.50,EPM,Klinik
IN6100,2022-06-01,CUST55677,"APOTEK SINAR JAYA",Bekasi,"ALERGINE TABLET SALUT",9,35927.10,TD,Apotek
IN6101,2022-04-30,CUST55723,"APOTEK SAHABAT",Padang,"TRAMADOL KAPSUL 50 MG",20,174014.00,EPM,Apotek
IN6102,2022-01-31,CUST55392,"APOTEK SINAR JAYA",Bekasi,AMPICILLIN,11,117596.60,TA,Apotek
IN6103,2022-01-27,CUST55496,"KLINIK SAHABAT",Tangerang,"ACYCLOVIR DUS",15,68881.50,TA,Klinik
IN6104,2022-01-30,CUST55433,"APOTEK MAJA",Kuningan,"TRAMADOL KAPSUL 50 MG",45,391531.50,EPM,Apotek
IN6105,2022-05-02,CUST55700,"APOTEK SINAR JAYA",Bekasi,"ACYCLOVIR DUS",21,24568.11,EPM,Apotek
IN6106,2022-04-30,CUST55713,"APOTEK MERDEKA",Bandung,"TRAMADOL KAPSUL 50 MG",4,34802.80,EPM,Apotek
IN6107,2022-01-30,CUST55511,"KLINIK SAHABAT",Tangerang,"ALERGINE TABLET SALUT",24,56100.00,EPM,Klinik
IN6108,2022-01-30,CUST55409,"KLINIK DR. ANDRI",Lampung,"TRAMADOL KAPSUL 50 MG",21,145746.30,TA,Klinik
IN6109,2022-06-16,CUST55702,"APOTEK TAPAK",Aceh,AMPICILLIN,12,128287.20,TA,Apotek
IN6110,2022-03-06,CUST55576,"APOTEK MAJA",Kuningan,"ERGOTAMINE COFFEINE",9,41328.90,TD,Apotek
IN6111,2022-05-26,CUST55657,"APOTEK TAPAK",Aceh,"TETRACYCLINE KAPSUL 250 MG",12,47902.80,TD,Apotek
IN6112,2022-05-03,CUST55726,"APOTEK MAJA",Kuningan,"ERGOTAMINE COFFEINE",34,156131.40,TA,Apotek
IN6113,2022-01-27,CUST55400,"APOTEK SINAR JAYA",Bekasi,"ACYCLOVIR DUS",12,14038.92,TD,Apotek
IN6114,2022-02-27,CUST55569,"KLINIK GM",Jakarta,PARACETAMOL,98,680149.40,TD,Klinik
IN6115,2022-05-03,CUST55716,"APOTEK SAHABAT",Padang,"ERGOTAMINE COFFEINE",10,45921.00,TA,Apotek
IN6116,2022-01-28,CUST55455,"APOTEK TAPAK",Aceh,"KETOCONAZOLE TABLET 200 MG",67,188886.40,TD,Apotek
IN6117,2022-05-22,CUST55667,"KLINIK GM",Jakarta,"TETRACYCLINE KAPSUL 250 MG",5,19959.50,TD,Klinik
IN6118,2022-01-27,CUST55502,"KLINIK GM",Jakarta,AMPICILLIN,19,203121.40,TD,Klinik
IN6119,2022-01-28,CUST55449,"KLINIK GM",Jakarta,PARACETAMOL,14,97164.20,TA,Klinik
IN6120,2022-02-01,CUST55465,"APOTEK MERDEKA",Bandung,"KETOCONAZOLE TABLET 200 MG",14,39468.80,TD,Apotek
IN6121,2022-05-21,CUST55666,"APOTEK MAJA",Kuningan,"ERGOTAMINE COFFEINE",98,450025.80,EPM,Apotek
IN6122,2022-01-30,CUST55445,"APOTEK SINAR JAYA",Bekasi,"KETOCONAZOLE TABLET 200 MG",21,59203.20,TD,Apotek
IN6123,2022-06-16,CUST55697,"KLINIK GM",Jakarta,"TETRACYCLINE KAPSUL 250 MG",12,47902.80,TD,Klinik
IN6124,2022-01-27,CUST55442,"KLINIK GM",Jakarta,AMPICILLIN,95,1015607.00,TA,Klinik
IN6125,2022-01-23,CUST55402,"APOTEK TAPAK",Aceh,AMPICILLIN,14,149668.40,TA,Apotek
IN6126,2022-04-23,CUST55624,"KLINIK SAHABAT",Tangerang,"KLORPROMAZINA TABLET SALUT SELAPUT 100 MG",45,254173.50,TD,Klinik
IN6127,2022-04-24,CUST55625,"APOTEK SINAR JAYA",Bekasi,"KETOCONAZOLE TABLET 200 MG",34,95852.80,TA,Apotek
IN6128,2022-02-01,CUST55537,"APOTEK TAPAK",Aceh,"TETRACYCLINE KAPSUL 250 MG",79,315360.10,TA,Apotek
IN6129,2022-02-14,CUST55556,"KLINIK SAHABAT",Tangerang,"ACYCLOVIR DUS",8,36736.80,TD,Klinik
IN6130,2022-01-31,CUST55518,"APOTEK MERDEKA",Bandung,"AMBROXOL HC",5,28903.50,EPM,Apotek
IN6131,2022-01-27,CUST55418,"APOTEK MAJA",Kuningan,"AMBROXOL HC",10,57807.00,TD,Apotek
IN6132,2022-04-30,CUST55708,"APOTEK SAHABAT",Padang,AMPICILLIN,12,69368.40,TD,Apotek
IN6133,2022-02-01,CUST55429,"KLINIK SAHABAT",Tangerang,PARACETAMOL,78,541343.40,TA,Klinik
IN6134,2022-02-01,CUST55441,"APOTEK MAJA",Kuningan,"ALERGINE TABLET SALUT",12,28050.00,TD,Apotek
IN6135,2022-02-08,CUST55550,"APOTEK SINAR JAYA",Bekasi,"ACYCLOVIR DUS",12,14038.92,TA,Apotek
IN6136,2022-01-27,CUST55526,"KLINIK SAHABAT",Tangerang,"ACYCLOVIR DUS",78,358183.80,TD,Klinik
IN6137,2022-03-03,CUST55573,"APOTEK SAHABAT",Padang,"TRAMADOL KAPSUL 50 MG",9,78306.30,TD,Apotek
IN6138,2022-04-18,CUST55661,"KLINIK SAHABAT",Tangerang,"ALERGINE TABLET SALUT",10,23375.00,TD,Klinik
IN6139,2022-04-22,CUST55623,"APOTEK MERDEKA",Bandung,"TRAMADOL KAPSUL 50 MG",78,678654.60,TD,Apotek
IN6140,2022-03-25,CUST55595,"APOTEK SINAR JAYA",Bekasi,"KETOCONAZOLE TABLET 200 MG",25,70480.00,EPM,Apotek
IN6141,2022-01-28,CUST55401,"APOTEK SAHABAT",Padang,"ALERGINE TABLET SALUT",25,58437.50,TD,Apotek
IN6142,2022-05-01,CUST55724,"KLINIK DR. ANDRI",Lampung,"KLORPROMAZINA TABLET SALUT SELAPUT 100 MG",45,254173.50,TD,Klinik
IN6143,2022-05-02,CUST55705,"APOTEK MERDEKA",Bandung,"KETOCONAZOLE TABLET 200 MG",24,67660.80,TD,Apotek
IN6144,2022-01-22,CUST55383,"APOTEK MERDEKA",Bandung,"TRAMADOL KAPSUL 50 MG",13,113109.10,EPM,Apotek
IN6145,2022-04-20,CUST55642,"APOTEK TAPAK",Aceh,AMPICILLIN,25,267265.00,EPM,Apotek
IN6146,2022-01-27,CUST55412,"KLINIK GM",Jakarta,AMPICILLIN,25,267265.00,TA,Klinik
IN6147,2022-02-13,CUST55555,"APOTEK MERDEKA",Bandung,"KETOCONAZOLE TABLET 200 MG",4,11276.80,EPM,Apotek
IN6148,2022-01-31,CUST55476,"APOTEK SAHABAT",Padang,"ERGOTAMINE COFFEINE",9,41328.90,TA,Apotek
IN6149,2022-03-20,CUST55590,"APOTEK TAPAK",Aceh,"ACYCLOVIR DUS",14,16378.74,TD,Apotek
IN6150,2022-05-20,CUST55651,"APOTEK MAJA",Kuningan,"ALERGINE TABLET SALUT",5,11687.50,TD,Apotek
IN6151,2022-05-02,CUST55720,"APOTEK MERDEKA",Bandung,"ACYCLOVIR DUS",78,91252.98,EPM,Apotek
IN6152,2022-01-31,CUST55512,"APOTEK SINAR JAYA",Bekasi,AMPICILLIN,10,106906.00,TD,Apotek
IN6153,2022-03-27,CUST55597,"APOTEK TAPAK",Aceh,"TETRACYCLINE KAPSUL 250 MG",18,71854.20,TD,Apotek
IN6154,2022-04-19,CUST55641,"APOTEK SAHABAT",Padang,"ALERGINE TABLET SALUT",12,28050.00,TA,Apotek
IN6155,2022-01-21,CUST55382,"KLINIK GM",Jakarta,AMPICILLIN,9,96215.40,TA,Klinik
IN6156,2022-04-07,CUST55608,"APOTEK MERDEKA",Bandung,"AMBROXOL HC",24,138736.80,TA,Apotek
IN6157,2022-04-12,CUST55613,"APOTEK MAJA",Kuningan,"TRAMADOL KAPSUL 50 MG",67,582946.90,TD,Apotek
IN6158,2022-05-01,CUST55699,"KLINIK SAHABAT",Tangerang,PARACETAMOL,14,97164.20,TA,Klinik
IN6159,2022-06-13,CUST55689,"KLINIK GM",Jakarta,PARACETAMOL,67,465000.10,TA,Klinik
IN6160,2022-05-27,CUST55672,"APOTEK TAPAK",Aceh,AMPICILLIN,5,53453.00,TA,Apotek
IN6161,2022-01-27,CUST55466,"KLINIK SAHABAT",Tangerang,"ACYCLOVIR DUS",24,110210.40,TA,Klinik
IN6162,2022-01-28,CUST55503,"APOTEK MERDEKA",Bandung,"TRAMADOL KAPSUL 50 MG",12,104408.40,TA,Apotek
IN6163,2022-01-30,CUST55421,"KLINIK SAHABAT",Tangerang,"ALERGINE TABLET SALUT",5,11687.50,TD,Klinik
IN6164,2022-03-08,CUST55578,"APOTEK MERDEKA",Bandung,"AMBROXOL HC",1,5780.70,EPM,Apotek
IN6165,2022-06-16,CUST55722,"APOTEK SINAR JAYA",Bekasi,AMPICILLIN,34,363480.40,TA,Apotek
IN6166,2022-05-30,CUST55675,"APOTEK MERDEKA",Bandung,"KETOCONAZOLE TABLET 200 MG",1,2819.20,TA,Apotek
IN6167,2022-01-28,CUST55491,"APOTEK SAHABAT",Padang,"ALERGINE TABLET SALUT",12,28050.00,EPM,Apotek
IN6168,2022-05-13,CUST55644,"KLINIK GM",Jakarta,"KLORPROMAZINA TABLET SALUT SELAPUT 100 MG",24,135559.20,TD,Klinik
IN6169,2022-05-20,CUST55665,"APOTEK TAPAK",Aceh,"KETOCONAZOLE TABLET 200 MG",67,188886.40,TA,Apotek
IN6170,2022-01-30,CUST55505,"APOTEK SINAR JAYA",Bekasi,"KETOCONAZOLE TABLET 200 MG",14,39468.80,TD,Apotek
IN6171,2022-02-03,CUST55545,"APOTEK TAPAK",Aceh,"KETOCONAZOLE TABLET 200 MG",25,70480.00,EPM,Apotek
IN6172,2022-01-28,CUST55497,"APOTEK SINAR JAYA",Bekasi,"ALERGINE TABLET SALUT",12,47902.80,EPM,Apotek
IN6173,2022-01-27,CUST55406,"KLINIK SAHABAT",Tangerang,"ACYCLOVIR DUS",12,55105.20,EPM,Klinik
IN6174,2022-04-17,CUST55618,"APOTEK SAHABAT",Padang,AMPICILLIN,9,52026.30,TA,Apotek
IN6175,2022-01-31,CUST55404,"KLINIK GM",Jakarta,"KLORPROMAZINA TABLET SALUT SELAPUT 100 MG",18,101669.40,TD,Klinik
IN6176,2022-01-30,CUST55403,"APOTEK MAJA",Kuningan,"TRAMADOL KAPSUL 50 MG",18,156612.60,EPM,Apotek
IN6177,2022-03-15,CUST55585,"APOTEK MERDEKA",Bandung,"KETOCONAZOLE TABLET 200 MG",17,47926.40,EPM,Apotek
IN6178,2022-05-02,CUST55695,"APOTEK TAPAK",Aceh,"KETOCONAZOLE TABLET 200 MG",18,50745.60,TA,Apotek
IN6179,2022-05-24,CUST55669,"KLINIK SAHABAT",Tangerang,PARACETAMOL,8,55522.40,EPM,Klinik
IN6180,2022-04-13,CUST55614,"KLINIK GM",Jakarta,"KLORPROMAZINA TABLET SALUT SELAPUT 100 MG",98,553533.40,TA,Klinik
IN6181,2022-02-07,CUST55549,"KLINIK SAHABAT",Tangerang,PARACETAMOL,130,902239.00,TD,Klinik
IN6182,2022-03-07,CUST55577,"KLINIK GM",Jakarta,"TETRACYCLINE KAPSUL 250 MG",13,51894.70,TA,Klinik
IN6183,2022-01-23,CUST55498,"APOTEK SAHABAT",Padang,AMPICILLIN,25,144517.50,TD,Apotek
IN6184,2022-01-28,CUST55395,"APOTEK TAPAK",Aceh,"KETOCONAZOLE TABLET 200 MG",25,70480.00,TA,Apotek
IN6185,2022-02-01,CUST55483,"APOTEK SAHABAT",Padang,"TRAMADOL KAPSUL 50 MG",9,78306.30,TA,Apotek
IN6186,2022-01-31,CUST55500,"APOTEK TAPAK",Aceh,"ACYCLOVIR DUS",18,21058.38,TA,Apotek
IN6187,2022-04-05,CUST55606,"APOTEK MAJA",Kuningan,"ERGOTAMINE COFFEINE",25,114802.50,TD,Apotek
IN6188,2022-01-27,CUST55454,"KLINIK DR. ANDRI",Lampung,"KLORPROMAZINA TABLET SALUT SELAPUT 100 MG",10,56483.00,TD,Klinik
IN6189,2022-03-04,CUST55574,"KLINIK DR. ANDRI",Lampung,"KLORPROMAZINA TABLET SALUT SELAPUT 100 MG",1,5648.30,TA,Klinik
IN6190,2022-01-23,CUST55390,"APOTEK MERDEKA",Bandung,"ACYCLOVIR DUS",2,2339.82,TD,Apotek
IN6191,2022-01-31,CUST55422,"APOTEK SINAR JAYA",Bekasi,AMPICILLIN,4,42762.40,TA,Apotek
IN6192,2022-05-14,CUST55645,"APOTEK MERDEKA",Bandung,"KETOCONAZOLE TABLET 200 MG",10,28192.00,TA,Apotek
IN6193,2022-03-18,CUST55588,"APOTEK SAHABAT",Padang,AMPICILLIN,12,69368.40,EPM,Apotek
IN6194,2022-04-18,CUST55658,"APOTEK MAJA",Kuningan,"AMBROXOL HC",25,144517.50,TA,Apotek
IN6195,2022-01-31,CUST55398,"APOTEK MERDEKA",Bandung,"AMBROXOL HC",67,387306.90,TA,Apotek
IN6196,2022-01-31,CUST55530,"APOTEK TAPAK",Aceh,"ACYCLOVIR DUS",45,52645.95,TA,Apotek
IN6197,2022-04-29,CUST55630,"APOTEK MERDEKA",Bandung,"ACYCLOVIR DUS",34,39776.94,TD,Apotek
IN6198,2022-06-04,CUST55680,"APOTEK TAPAK",Aceh,"ACYCLOVIR DUS",4,4679.64,EPM,Apotek
IN6199,2022-01-28,CUST55509,"KLINIK GM",Jakarta,PARACETAMOL,25,173507.50,TD,Klinik
IN6200,2022-01-28,CUST55473,"APOTEK MERDEKA",Bandung,"TRAMADOL KAPSUL 50 MG",5,43503.50,TA,Apotek
IN6201,2022-05-23,CUST55668,"APOTEK MERDEKA",Bandung,"AMBROXOL HC",4,23122.80,TA,Apotek
IN6202,2022-01-23,CUST55528,"APOTEK SAHABAT",Padang,AMPICILLIN,34,196543.80,EPM,Apotek
IN6203,2022-01-31,CUST55524,"KLINIK GM",Jakarta,"KLORPROMAZINA TABLET SALUT SELAPUT 100 MG",100,564830.00,EPM,Klinik
IN6204,2022-06-16,CUST55727,"KLINIK GM",Jakarta,"TETRACYCLINE KAPSUL 250 MG",34,135724.60,EPM,Klinik
IN6205,2022-01-27,CUST55520,"APOTEK SINAR JAYA",Bekasi,"ACYCLOVIR DUS",8,9359.28,TA,Apotek
IN6206,2022-03-12,CUST55582,"APOTEK TAPAK",Aceh,AMPICILLIN,23,245883.80,EPM,Apotek
IN6207,2022-04-04,CUST55605,"APOTEK TAPAK",Aceh,"KETOCONAZOLE TABLET 200 MG",12,33830.40,EPM,Apotek
IN6208,2022-01-30,CUST55475,"APOTEK SINAR JAYA",Bekasi,"KETOCONAZOLE TABLET 200 MG",8,22553.60,TD,Apotek
IN6209,2022-03-16,CUST55586,"KLINIK SAHABAT",Tangerang,"ACYCLOVIR DUS",11,50513.10,TD,Klinik
IN6210,2022-01-23,CUST55486,"APOTEK MAJA",Kuningan,"ERGOTAMINE COFFEINE",4,18368.40,TA,Apotek
IN6211,2022-02-01,CUST55501,"APOTEK MAJA",Kuningan,"ALERGINE TABLET SALUT",18,42075.00,EPM,Apotek
IN6212,2022-06-05,CUST55681,"APOTEK MAJA",Kuningan,"ALERGINE TABLET SALUT",2,4675.00,TD,Apotek
IN6213,2022-05-03,CUST55701,"APOTEK SAHABAT",Padang,"ALERGINE TABLET SALUT",22,51425.00,TD,Apotek
IN6214,2022-01-28,CUST55461,"APOTEK SAHABAT",Padang,"ALERGINE TABLET SALUT",21,49087.50,TD,Apotek
IN6215,2022-01-23,CUST55510,"APOTEK MERDEKA",Bandung,"ACYCLOVIR DUS",14,16378.74,TA,Apotek
IN6216,2022-01-23,CUST55456,"APOTEK MAJA",Kuningan,"ERGOTAMINE COFFEINE",98,450025.80,TA,Apotek
IN6217,2022-01-23,CUST55438,"APOTEK SAHABAT",Padang,AMPICILLIN,5,28903.50,TD,Apotek
IN6218,2022-04-17,CUST55639,"KLINIK SAHABAT",Tangerang,PARACETAMOL,21,145746.30,EPM,Klinik
IN6219,2022-01-27,CUST55436,"KLINIK SAHABAT",Tangerang,"ACYCLOVIR DUS",34,156131.40,TA,Klinik
IN6220,2022-01-23,CUST55444,"KLINIK SAHABAT",Tangerang,"KLORPROMAZINA TABLET SALUT SELAPUT 100 MG",48,271118.40,TD,Klinik
IN6221,2022-01-23,CUST55504,"KLINIK SAHABAT",Tangerang,"KLORPROMAZINA TABLET SALUT SELAPUT 100 MG",25,141207.50,EPM,Klinik
IN6222,2022-06-02,CUST55678,"APOTEK SAHABAT",Padang,AMPICILLIN,1,5780.70,TD,Apotek
IN6223,2022-05-02,CUST55633,"APOTEK SAHABAT",Padang,"TRAMADOL KAPSUL 50 MG",6,52204.20,TD,Apotek
IN6224,2022-02-17,CUST55559,"KLINIK DR. ANDRI",Lampung,"TRAMADOL KAPSUL 50 MG",22,152686.60,TD,Klinik
IN6225,2022-04-30,CUST55631,"KLINIK SAHABAT",Tangerang,"ALERGINE TABLET SALUT",44,102850.00,TA,Klinik
IN6226,2022-01-31,CUST55416,"APOTEK SAHABAT",Padang,"ERGOTAMINE COFFEINE",23,105618.30,EPM,Apotek
IN6227,2022-04-10,CUST55611,"APOTEK SAHABAT",Padang,"ALERGINE TABLET SALUT",12,28050.00,TA,Apotek
IN6228,2022-01-27,CUST55508,"APOTEK MAJA",Kuningan,"AMBROXOL HC",12,69368.40,TD,Apotek
IN6229,2022-03-05,CUST55575,"APOTEK TAPAK",Aceh,"KETOCONAZOLE TABLET 200 MG",5,14096.00,EPM,Apotek
IN6230,2022-01-28,CUST55413,"APOTEK MERDEKA",Bandung,"TRAMADOL KAPSUL 50 MG",14,121809.80,EPM,Apotek
IN6231,2022-02-21,CUST55563,"APOTEK MERDEKA",Bandung,"TRAMADOL KAPSUL 50 MG",24,208816.80,TD,Apotek
IN6232,2022-04-08,CUST55609,"KLINIK SAHABAT",Tangerang,PARACETAMOL,10,69403.00,EPM,Klinik
IN6233,2022-01-23,CUST55450,"APOTEK MERDEKA",Bandung,"ACYCLOVIR DUS",24,28077.84,EPM,Apotek
IN6234,2022-02-10,CUST55552,"APOTEK TAPAK",Aceh,AMPICILLIN,67,716270.20,TD,Apotek
IN6235,2022-01-30,CUST55451,"KLINIK SAHABAT",Tangerang,"ALERGINE TABLET SALUT",10,23375.00,TD,Klinik
IN6236,2022-06-08,CUST55684,"KLINIK SAHABAT",Tangerang,"KLORPROMAZINA TABLET SALUT SELAPUT 100 MG",12,67779.60,TD,Klinik
IN6237,2022-04-18,CUST55619,"KLINIK DR. ANDRI",Lampung,"TRAMADOL KAPSUL 50 MG",10,69403.00,EPM,Klinik
IN6238,2022-01-27,CUST55460,"APOTEK SINAR JAYA",Bekasi,"ACYCLOVIR DUS",9,10529.19,EPM,Apotek
IN6239,2022-03-02,CUST55572,"APOTEK SINAR JAYA",Bekasi,AMPICILLIN,8,85524.80,EPM,Apotek
IN6240,2022-01-30,CUST55541,"KLINIK SAHABAT",Tangerang,"ALERGINE TABLET SALUT",48,112200.00,EPM,Klinik
IN6241,2022-01-31,CUST55440,"APOTEK TAPAK",Aceh,"ACYCLOVIR DUS",79,92422.89,EPM,Apotek
IN6242,2022-01-23,CUST55534,"KLINIK SAHABAT",Tangerang,"KLORPROMAZINA TABLET SALUT SELAPUT 100 MG",44,248525.20,EPM,Klinik
IN6243,2022-02-01,CUST55525,"APOTEK MERDEKA",Bandung,"KETOCONAZOLE TABLET 200 MG",67,188886.40,TD,Apotek
IN6244,2022-01-31,CUST55542,"APOTEK SINAR JAYA",Bekasi,AMPICILLIN,21,224502.60,TD,Apotek
IN6245,2022-01-30,CUST55397,"KLINIK GM",Jakarta,"TETRACYCLINE KAPSUL 250 MG",34,135724.60,TD,Klinik
IN6246,2022-01-28,CUST55533,"APOTEK MERDEKA",Bandung,"TRAMADOL KAPSUL 50 MG",34,295823.80,TA,Apotek
IN6247,2022-01-28,CUST55425,"APOTEK TAPAK",Aceh,"KETOCONAZOLE TABLET 200 MG",10,28192.00,TA,Apotek
IN6248,2022-01-30,CUST55427,"KLINIK GM",Jakarta,"TETRACYCLINE KAPSUL 250 MG",100,399190.00,TD,Klinik
IN6249,2022-04-30,CUST55703,"APOTEK MAJA",Kuningan,"TRAMADOL KAPSUL 50 MG",25,217517.50,EPM,Apotek
IN6250,2022-03-17,CUST55587,"APOTEK SINAR JAYA",Bekasi,"ALERGINE TABLET SALUT",12,47902.80,TA,Apotek
IN6251,2022-01-23,CUST55387,"APOTEK TAPAK",Aceh,"TETRACYCLINE KAPSUL 250 MG",1,3991.90,TD,Apotek
IN6252,2022-05-18,CUST55649,"KLINIK DR. ANDRI",Lampung,"TRAMADOL KAPSUL 50 MG",67,465000.10,EPM,Klinik
IN6253,2022-01-28,CUST55431,"APOTEK SAHABAT",Padang,"ALERGINE TABLET SALUT",34,79475.00,TD,Apotek
IN6254,2022-02-02,CUST55544,"KLINIK DR. ANDRI",Lampung,"KLORPROMAZINA TABLET SALUT SELAPUT 100 MG",12,67779.60,TA,Klinik
IN6255,2022-01-31,CUST55446,"APOTEK SAHABAT",Padang,"ERGOTAMINE COFFEINE",22,101026.20,TA,Apotek
IN6256,2022-01-30,CUST55463,"APOTEK MAJA",Kuningan,"TRAMADOL KAPSUL 50 MG",12,104408.40,TA,Apotek
IN6257,2022-04-14,CUST55615,"APOTEK MERDEKA",Bandung,"KETOCONAZOLE TABLET 200 MG",5,14096.00,EPM,Apotek
IN6258,2022-01-27,CUST55484,"KLINIK DR. ANDRI",Lampung,"KLORPROMAZINA TABLET SALUT SELAPUT 100 MG",1,5648.30,EPM,Klinik
IN6259,2022-02-01,CUST55405,"APOTEK MERDEKA",Bandung,"KETOCONAZOLE TABLET 200 MG",19,53564.80,TA,Apotek
IN6260,2022-02-22,CUST55564,"KLINIK SAHABAT",Tangerang,"KLORPROMAZINA TABLET SALUT SELAPUT 100 MG",10,56483.00,TA,Klinik
IN6261,2022-02-05,CUST55547,"KLINIK GM",Jakarta,"TETRACYCLINE KAPSUL 250 MG",24,95805.60,TA,Klinik
IN6262,2022-01-28,CUST55419,"KLINIK GM",Jakarta,PARACETAMOL,67,465000.10,TA,Klinik
IN6263,2022-01-31,CUST55452,"APOTEK SINAR JAYA",Bekasi,AMPICILLIN,130,1389778.00,TA,Apotek
IN6264,2022-06-14,CUST55690,"APOTEK MERDEKA",Bandung,"ACYCLOVIR DUS",15,17548.65,EPM,Apotek
IN6265,2022-04-30,CUST55698,"APOTEK MERDEKA",Bandung,"AMBROXOL HC",25,144517.50,TD,Apotek
IN6266,2022-02-01,CUST55531,"APOTEK MAJA",Kuningan,"ALERGINE TABLET SALUT",34,79475.00,EPM,Apotek
IN6267,2022-02-01,CUST55459,"KLINIK SAHABAT",Tangerang,PARACETAMOL,8,55522.40,TA,Klinik
IN6268,2022-06-16,CUST55692,"APOTEK SINAR JAYA",Bekasi,AMPICILLIN,25,267265.00,TA,Apotek
IN6269,2022-02-01,CUST55453,"APOTEK SAHABAT",Padang,"TRAMADOL KAPSUL 50 MG",12,104408.40,EPM,Apotek
IN6270,2022-05-03,CUST55696,"APOTEK MAJA",Kuningan,"ERGOTAMINE COFFEINE",19,87249.90,EPM,Apotek
IN6271,2022-04-03,CUST55604,"KLINIK DR. ANDRI",Lampung,"KLORPROMAZINA TABLET SALUT SELAPUT 100 MG",22,124262.60,TA,Klinik
IN6272,2022-05-19,CUST55650,"APOTEK TAPAK",Aceh,"ACYCLOVIR DUS",98,114651.18,TD,Apotek
IN6273,2022-05-03,CUST55634,"KLINIK DR. ANDRI",Lampung,"KLORPROMAZINA TABLET SALUT SELAPUT 100 MG",79,446215.70,TD,Klinik
IN6274,2022-02-01,CUST55423,"APOTEK SAHABAT",Padang,"TRAMADOL KAPSUL 50 MG",8,69605.60,EPM,Apotek
IN6275,2022-02-26,CUST55568,"APOTEK MAJA",Kuningan,"AMBROXOL HC",67,387306.90,EPM,Apotek
IN6276,2022-01-30,CUST55481,"KLINIK SAHABAT",Tangerang,"ALERGINE TABLET SALUT",1,2337.50,TD,Klinik
IN6277,2022-04-28,CUST55629,"KLINIK GM",Jakarta,PARACETAMOL,34,235970.20,EPM,Klinik
IN6278,2022-01-30,CUST55499,"KLINIK DR. ANDRI",Lampung,"TRAMADOL KAPSUL 50 MG",14,97164.20,TD,Klinik
IN6279,2022-01-30,CUST55529,"KLINIK DR. ANDRI",Lampung,"TRAMADOL KAPSUL 50 MG",20,138806.00,TD,Klinik
IN6280,2022-01-23,CUST55384,"KLINIK SAHABAT",Tangerang,"KLORPROMAZINA TABLET SALUT SELAPUT 100 MG",1,5648.30,TD,Klinik
IN6281,2022-01-30,CUST55415,"APOTEK SINAR JAYA",Bekasi,"KETOCONAZOLE TABLET 200 MG",10,28192.00,TA,Apotek
IN6282,2022-05-28,CUST55673,"APOTEK MAJA",Kuningan,"TRAMADOL KAPSUL 50 MG",9,78306.30,EPM,Apotek
IN6283,2022-05-19,CUST55664,"KLINIK DR. ANDRI",Lampung,"KLORPROMAZINA TABLET SALUT SELAPUT 100 MG",10,56483.00,TD,Klinik
IN6284,2022-01-23,CUST55540,"APOTEK MERDEKA",Bandung,"ACYCLOVIR DUS",76,88913.16,TA,Apotek
IN6285,2022-05-15,CUST55646,"KLINIK SAHABAT",Tangerang,"ACYCLOVIR DUS",130,596973.00,EPM,Klinik
IN6286,2022-01-23,CUST55468,"APOTEK SAHABAT",Padang,AMPICILLIN,120,693684.00,TD,Apotek
IN6287,2022-01-30,CUST55391,"KLINIK SAHABAT",Tangerang,"ALERGINE TABLET SALUT",17,39737.50,TD,Klinik
IN6288,2022-06-06,CUST55682,"KLINIK GM",Jakarta,AMPICILLIN,17,181740.20,TA,Klinik
IN6289,2022-01-23,CUST55492,"APOTEK TAPAK",Aceh,AMPICILLIN,25,267265.00,TD,Apotek
IN6290,2022-03-22,CUST55592,"KLINIK GM",Jakarta,AMPICILLIN,67,716270.20,EPM,Klinik
IN6291,2022-02-01,CUST55489,"KLINIK SAHABAT",Tangerang,PARACETAMOL,11,76343.30,TD,Klinik
IN6292,2022-01-28,CUST55467,"APOTEK SINAR JAYA",Bekasi,"ALERGINE TABLET SALUT",10,39919.00,EPM,Apotek
IN6293,2022-02-01,CUST55519,"KLINIK SAHABAT",Tangerang,PARACETAMOL,4,27761.20,TD,Klinik
IN6294,2022-05-03,CUST55711,"APOTEK MAJA",Kuningan,"ALERGINE TABLET SALUT",98,229075.00,TD,Apotek
IN6295,2022-05-22,CUST55653,"APOTEK MERDEKA",Bandung,"TRAMADOL KAPSUL 50 MG",8,69605.60,EPM,Apotek
IN6296,2022-06-09,CUST55685,"APOTEK SINAR JAYA",Bekasi,"KETOCONAZOLE TABLET 200 MG",12,33830.40,TA,Apotek
IN6297,2022-01-20,CUST55381,"APOTEK MAJA",Kuningan,"ALERGINE TABLET SALUT",5,11687.50,TD,Apotek
IN6298,2022-05-21,CUST55652,"KLINIK GM",Jakarta,AMPICILLIN,4,42762.40,TA,Klinik
IN6299,2022-01-27,CUST55514,"KLINIK DR. ANDRI",Lampung,"KLORPROMAZINA TABLET SALUT SELAPUT 100 MG",12,67779.60,EPM,Klinik
IN6300,2022-02-01,CUST55507,"APOTEK TAPAK",Aceh,"TETRACYCLINE KAPSUL 250 MG",22,87821.80,EPM,Apotek
IN6301,2022-02-01,CUST55393,"APOTEK SAHABAT",Padang,"TRAMADOL KAPSUL 50 MG",12,104408.40,EPM,Apotek
IN6302,2022-02-23,CUST55565,"APOTEK SINAR JAYA",Bekasi,"KETOCONAZOLE TABLET 200 MG",120,338304.00,EPM,Apotek
IN6303,2022-01-28,CUST55539,"KLINIK GM",Jakarta,PARACETAMOL,95,659328.50,TD,Klinik
IN6304,2022-04-30,CUST55728,"APOTEK MERDEKA",Bandung,"AMBROXOL HC",44,254350.80,TD,Apotek
IN6305,2022-01-30,CUST55493,"APOTEK MAJA",Kuningan,"TRAMADOL KAPSUL 50 MG",14,121809.80,TA,Apotek
IN6306,2022-01-27,CUST55430,"APOTEK SINAR JAYA",Bekasi,"ACYCLOVIR DUS",45,52645.95,EPM,Apotek
IN6307,2022-01-23,CUST55396,"APOTEK MAJA",Kuningan,"ERGOTAMINE COFFEINE",14,64289.40,EPM,Apotek
IN6308,2022-01-23,CUST55516,"APOTEK MAJA",Kuningan,"ERGOTAMINE COFFEINE",67,307670.70,TD,Apotek
IN6309,2022-04-26,CUST55627,"APOTEK TAPAK",Aceh,"TETRACYCLINE KAPSUL 250 MG",45,179635.50,TD,Apotek
IN6310,2022-04-30,CUST55693,"APOTEK SAHABAT",Padang,"TRAMADOL KAPSUL 50 MG",14,121809.80,EPM,Apotek
IN6311,2022-01-23,CUST55426,"APOTEK MAJA",Kuningan,"ERGOTAMINE COFFEINE",7,32144.70,EPM,Apotek
IN6312,2022-05-02,CUST55725,"APOTEK TAPAK",Aceh,"KETOCONAZOLE TABLET 200 MG",34,95852.80,TD,Apotek
IN6313,2022-04-20,CUST55660,"APOTEK MERDEKA",Bandung,"ACYCLOVIR DUS",24,28077.84,TD,Apotek
IN6314,2022-01-28,CUST55527,"APOTEK SINAR JAYA",Bekasi,"ALERGINE TABLET SALUT",45,179635.50,TA,Apotek
IN6315,2022-04-21,CUST55643,"APOTEK MAJA",Kuningan,"TRAMADOL KAPSUL 50 MG",14,121809.80,TD,Apotek
IN6316,2022-04-19,CUST55662,"APOTEK SINAR JAYA",Bekasi,AMPICILLIN,120,1282872.00,TA,Apotek
IN6317,2022-01-23,CUST55522,"APOTEK TAPAK",Aceh,AMPICILLIN,10,106906.00,TD,Apotek
IN6318,2022-01-23,CUST55462,"APOTEK TAPAK",Aceh,AMPICILLIN,22,235193.20,TD,Apotek
IN6319,2022-02-11,CUST55553,"APOTEK MAJA",Kuningan,"TRAMADOL KAPSUL 50 MG",98,852668.60,TD,Apotek
IN6320,2022-02-01,CUST55495,"APOTEK MERDEKA",Bandung,"KETOCONAZOLE TABLET 200 MG",67,188886.40,TD,Apotek
IN6321,2022-01-31,CUST55410,"APOTEK TAPAK",Aceh,"ACYCLOVIR DUS",22,25738.02,EPM,Apotek
IN6322,2022-01-31,CUST55488,"APOTEK MERDEKA",Bandung,"AMBROXOL HC",17,98271.90,TD,Apotek
IN6323,2022-01-30,CUST55439,"KLINIK DR. ANDRI",Lampung,"TRAMADOL KAPSUL 50 MG",6,41641.80,TA,Klinik
IN6324,2022-06-10,CUST55686,"APOTEK SAHABAT",Padang,"ERGOTAMINE COFFEINE",25,114802.50,EPM,Apotek
IN6325,2022-01-28,CUST55521,"APOTEK SAHABAT",Padang,"ALERGINE TABLET SALUT",9,21037.50,EPM,Apotek
IN6326,2022-01-31,CUST55458,"APOTEK MERDEKA",Bandung,"AMBROXOL HC",4,23122.80,TD,Apotek
IN6327,2022-01-27,CUST55448,"APOTEK MAJA",Kuningan,"AMBROXOL HC",25,144517.50,TD,Apotek
