id_penjualan,id_invoice,tanggal,id_customer,nama,id_barang,nama_barang,harga,unit,jumlah_barang,mata_uang,kemasan,cabang_sales,id_distributor,id_cabang,kode_lini,lini,id_group,kategori_grup
IN5978_BRG0001,IN5978,2022-05-25,CUST55670,"APOTEK SINAR JAYA",BRG0001,"ACYCLOVIR DUS",1169.91,DUS,9,IDR,DUS,Bekasi,TD,CAB09,206,"OGB & PH",Z32,Apotek
IN5979_BRG0009,IN5979,2022-03-28,CUST55598,"APOTEK MAJA",BRG0009,"AMBROXOL HC",5780.70,DUS,18,IDR,BOTOL,Kuningan,TA,CAB01,207,VNS,Z32,Apotek
IN5980_BRG0003,IN5980,2022-01-23,CUST55432,"APOTEK TAPAK",BRG0003,AMPICILLIN,10690.60,DUS,20,IDR,BOTOL,Aceh,TA,CAB01,210,MARCKS,Z32,Apotek
IN5981_BRG0004,IN5981,2022-01-28,CUST55443,"APOTEK MERDEKA",BRG0004,"TRAMADOL KAPSUL 50 MG",8700.70,DUS,76,IDR,KAPSUL,Bandung,EPM,CAB07,201,VNS,Z32,Apotek
IN5982_BRG0006,IN5982,2022-01-30,CUST55535,"APOTEK SINAR JAYA",BRG0006,"KETOCONAZOLE TABLET 200 MG",2819.20,DUS,5,IDR,TABLET,Bekasi,TD,CAB09,205,"OGB & PH",Z32,Apotek
IN5983_BRG0003,IN5983,2022-04-21,CUST55622,"KLINIK GM",BRG0003,AMPICILLIN,10690.60,DUS,67,IDR,BOTOL,Jakarta,EPM,CAB06,210,MARCKS,Z31,Klinik
IN5984_BRG0005,IN5984,2022-05-01,CUST55714,"KLINIK SAHABAT",BRG0005,"KLORPROMAZINA TABLET SALUT SELAPUT 100 MG",5648.30,DUS,8,IDR,TABLET,Tangerang,TD,CAB08,203,SLCYL,Z31,Klinik
IN5985_BRG0001,IN5985,2022-04-18,CUST55640,"APOTEK SINAR JAYA",BRG0001,"ACYCLOVIR DUS",1169.91,DUS,22,IDR,DUS,Bekasi,TD,CAB09,206,"OGB & PH",Z32,Apotek
IN5986_BRG0002,IN5986,2022-02-15,CUST55557,"APOTEK SINAR JAYA",BRG0002,"ALERGINE TABLET SALUT",3991.90,DUS,9,IDR,DUS,Bekasi,TA,CAB01,203,MARCKS,Z32,Apotek
IN5987_BRG0010,IN5987,2022-04-19,CUST55659,"KLINIK GM",BRG0010,PARACETAMOL,6940.30,DUS,14,IDR,BOTOL,Jakarta,EPM,CAB02,208,SLCYL,Z31,Klinik
IN5988_BRG0002,IN5988,2022-02-09,CUST55551,"APOTEK SAHABAT",BRG0002,"ALERGINE TABLET SALUT",2337.50,DUS,10,IDR,DUS,Padang,EPM,CAB10,203,ETIKAL,Z32,Apotek
IN5989_BRG0010,IN5989,2022-05-01,CUST55719,"KLINIK GM",BRG0010,PARACETAMOL,6940.30,DUS,67,IDR,BOTOL,Jakarta,TA,CAB02,208,SLCYL,Z31,Klinik
IN5990_BRG0001,IN5990,2022-05-03,CUST55706,"KLINIK SAHABAT",BRG0001,"ACYCLOVIR DUS",4592.10,DUS,10,IDR,DUS,Tangerang,TA,CAB01,206,ETIKAL,Z31,Klinik
IN5991_BRG0005,IN5991,2022-01-23,CUST55414,"KLINIK SAHABAT",BRG0005,"KLORPROMAZINA TABLET SALUT SELAPUT 100 MG",5648.30,DUS,24,IDR,TABLET,Tangerang,TD,CAB08,203,SLCYL,Z31,Klinik
IN5992_BRG0002,IN5992,2022-06-16,CUST55707,"APOTEK SINAR JAYA",BRG0002,"ALERGINE TABLET SALUT",3991.90,DUS,23,IDR,DUS,Bekasi,EPM,CAB01,203,MARCKS,Z32,Apotek
IN5993_BRG0002,IN5993,2022-05-26,CUST55671,"APOTEK SAHABAT",BRG0002,"ALERGINE TABLET SALUT",2337.50,DUS,1,IDR,DUS,Padang,TD,CAB10,203,ETIKAL,Z32,Apotek
IN5994_BRG0002,IN5994,2022-02-01,CUST55411,"APOTEK MAJA",BRG0002,"ALERGINE TABLET SALUT",2337.50,DUS,12,IDR,DUS,Kuningan,TD,CAB05,203,ETIKAL,Z32,Apotek
IN5995_BRG0008,IN5995,2022-04-06,CUST55607,"KLINIK GM",BRG0008,"TETRACYCLINE KAPSUL 250 MG",3991.90,DUS,14,IDR,KAPSUL,Jakarta,TD,CAB06,204,MARCKS,Z31,Klinik
IN5996_BRG0007,IN5996,2022-05-25,CUST55656,"APOTEK SAHABAT",BRG0007,"ERGOTAMINE COFFEINE",4592.10,DUS,22,IDR,BOTOL,Padang,EPM,CAB10,206,ETIKAL,Z32,Apotek
IN5997_BRG0001,IN5997,2022-01-20,CUST55380,"APOTEK TAPAK",BRG0001,"ACYCLOVIR DUS",1169.91,DUS,1,IDR,DUS,Aceh,TD,CAB01,206,"OGB & PH",Z32,Apotek
IN5998_BRG0001,IN5998,2022-04-09,CUST55610,"APOTEK SINAR JAYA",BRG0001,"ACYCLOVIR DUS",1169.91,DUS,23,IDR,DUS,Bekasi,TD,CAB09,206,"OGB & PH",Z32,Apotek
IN5999_BRG0003,IN5999,2022-05-01,CUST55632,"APOTEK SINAR JAYA",BRG0003,AMPICILLIN,10690.60,DUS,5,IDR,BOTOL,Bekasi,EPM,CAB01,210,MARCKS,Z32,Apotek
IN6000_BRG0008,IN6000,2022-06-16,CUST55717,"APOTEK TAPAK",BRG0008,"TETRACYCLINE KAPSUL 250 MG",3991.90,DUS,7,IDR,KAPSUL,Aceh,EPM,CAB01,204,MARCKS,Z32,Apotek
IN6001_BRG0004,IN6001,2022-04-02,CUST55603,"APOTEK SAHABAT",BRG0004,"TRAMADOL KAPSUL 50 MG",8700.70,DUS,21,IDR,KAPSUL,Padang,TD,CAB02,201,VNS,Z32,Apotek
IN6002_BRG0007,IN6002,2022-02-04,CUST55546,"APOTEK MAJA",BRG0007,"ERGOTAMINE COFFEINE",4592.10,DUS,14,IDR,BOTOL,Kuningan,TD,CAB05,206,ETIKAL,Z32,Apotek
IN6003_BRG0005,IN6003,2022-01-27,CUST55424,"KLINIK DR. ANDRI",BRG0005,"KLORPROMAZINA TABLET SALUT SELAPUT 100 MG",5648.30,DUS,9,IDR,TABLET,Lampung,TD,CAB03,203,SLCYL,Z31,Klinik
IN6004_BRG0010,IN6004,2022-05-01,CUST55729,"KLINIK SAHABAT",BRG0010,PARACETAMOL,6940.30,DUS,5,IDR,BOTOL,Tangerang,TA,CAB08,208,SLCYL,Z31,Klinik
IN6005_BRG0008,IN6005,2022-02-01,CUST55447,"APOTEK TAPAK",BRG0008,"TETRACYCLINE KAPSUL 250 MG",3991.90,DUS,12,IDR,KAPSUL,Aceh,EPM,CAB01,204,MARCKS,Z32,Apotek
IN6006_BRG0005,IN6006,2022-02-12,CUST55554,"KLINIK GM",BRG0005,"KLORPROMAZINA TABLET SALUT SELAPUT 100 MG",5648.30,DUS,5,IDR,TABLET,Jakarta,TA,CAB02,203,SLCYL,Z31,Klinik
IN6007_BRG0006,IN6007,2022-05-02,CUST55715,"APOTEK SINAR JAYA",BRG0006,"KETOCONAZOLE TABLET 200 MG",2819.20,DUS,9,IDR,TABLET,Bekasi,TD,CAB09,205,"OGB & PH",Z32,Apotek
IN6008_BRG0004,IN6008,2022-01-30,CUST55469,"KLINIK DR. ANDRI",BRG0004,"TRAMADOL KAPSUL 50 MG",6940.30,DUS,12,IDR,KAPSUL,Lampung,TA,CAB03,201,SLCYL,Z31,Klinik
IN6009_BRG0008,IN6009,2022-04-28,CUST55637,"KLINIK GM",BRG0008,"TETRACYCLINE KAPSUL 250 MG",3991.90,DUS,76,IDR,KAPSUL,Jakarta,TD,CAB06,204,MARCKS,Z31,Klinik
IN6010_BRG0001,IN6010,2022-05-31,CUST55676,"KLINIK SAHABAT",BRG0001,"ACYCLOVIR DUS",4592.10,DUS,5,IDR,DUS,Tangerang,EPM,CAB01,206,ETIKAL,Z31,Klinik
IN6011_BRG0008,IN6011,2022-02-25,CUST55567,"APOTEK TAPAK",BRG0008,"TETRACYCLINE KAPSUL 250 MG",3991.90,DUS,10,IDR,KAPSUL,Aceh,TA,CAB01,204,MARCKS,Z32,Apotek
IN6012_BRG0003,IN6012,2022-06-16,CUST55712,"KLINIK GM",BRG0003,AMPICILLIN,10690.60,DUS,5,IDR,BOTOL,Jakarta,TA,CAB06,210,MARCKS,Z31,Klinik
IN6013_BRG0002,IN6013,2022-01-28,CUST55407,"APOTEK SINAR JAYA",BRG0002,"ALERGINE TABLET SALUT",3991.90,DUS,25,IDR,DUS,Bekasi,TD,CAB01,203,MARCKS,Z32,Apotek
IN6014_BRG0002,IN6014,2022-03-21,CUST55591,"APOTEK MAJA",BRG0002,"ALERGINE TABLET SALUT",2337.50,DUS,34,IDR,DUS,Kuningan,TA,CAB05,203,ETIKAL,Z32,Apotek
IN6015_BRG0003,IN6015,2022-01-31,CUST55482,"APOTEK SINAR JAYA",BRG0003,AMPICILLIN,10690.60,DUS,5,IDR,BOTOL,Bekasi,TD,CAB01,210,MARCKS,Z32,Apotek
IN6016_BRG0010,IN6016,2022-03-09,CUST55579,"KLINIK SAHABAT",BRG0010,PARACETAMOL,6940.30,DUS,5,IDR,BOTOL,Tangerang,TD,CAB08,208,SLCYL,Z31,Klinik
IN6017_BRG0004,IN6017,2022-02-01,CUST55513,"APOTEK SAHABAT",BRG0004,"TRAMADOL KAPSUL 50 MG",8700.70,DUS,23,IDR,KAPSUL,Padang,TA,CAB02,201,VNS,Z32,Apotek
IN6018_BRG0003,IN6018,2022-04-01,CUST55602,"APOTEK SINAR JAYA",BRG0003,AMPICILLIN,10690.60,DUS,14,IDR,BOTOL,Bekasi,EPM,CAB01,210,MARCKS,Z32,Apotek
IN6019_BRG0004,IN6019,2022-04-20,CUST55663,"APOTEK SAHABAT",BRG0004,"TRAMADOL KAPSUL 50 MG",8700.70,DUS,12,IDR,KAPSUL,Padang,EPM,CAB02,201,VNS,Z32,Apotek
IN6020_BRG0002,IN6020,2022-03-11,CUST55581,"APOTEK SAHABAT",BRG0002,"ALERGINE TABLET SALUT",2337.50,DUS,1,IDR,DUS,Padang,TA,CAB10,203,ETIKAL,Z32,Apotek
IN6021_BRG0001,IN6021,2022-04-19,CUST55620,"APOTEK TAPAK",BRG0001,"ACYCLOVIR DUS",1169.91,DUS,7,IDR,DUS,Aceh,TD,CAB04,206,"OGB & PH",Z32,Apotek
IN6022_BRG0005,IN6022,2022-05-23,CUST55654,"KLINIK SAHABAT",BRG0005,"KLORPROMAZINA TABLET SALUT SELAPUT 100 MG",5648.30,DUS,9,IDR,TABLET,Tangerang,TD,CAB08,203,SLCYL,Z31,Klinik
IN6023_BRG0010,IN6023,2022-02-01,CUST55399,"KLINIK SAHABAT",BRG0010,PARACETAMOL,6940.30,DUS,15,IDR,BOTOL,Tangerang,EPM,CAB08,208,SLCYL,Z31,Klinik
IN6024_BRG0005,IN6024,2022-01-27,CUST55394,"KLINIK DR. ANDRI",BRG0005,"KLORPROMAZINA TABLET SALUT SELAPUT 100 MG",5648.30,DUS,12,IDR,TABLET,Lampung,TD,CAB03,203,SLCYL,Z31,Klinik
IN6025_BRG0004,IN6025,2022-01-30,CUST55523,"APOTEK MAJA",BRG0004,"TRAMADOL KAPSUL 50 MG",8700.70,DUS,7,IDR,KAPSUL,Kuningan,TA,CAB01,201,VNS,Z32,Apotek
IN6026_BRG0003,IN6026,2022-02-16,CUST55558,"APOTEK SAHABAT",BRG0003,AMPICILLIN,5780.70,DUS,21,IDR,BOTOL,Padang,EPM,CAB02,210,VNS,Z32,Apotek
IN6027_BRG0003,IN6027,2022-04-11,CUST55612,"APOTEK TAPAK",BRG0003,AMPICILLIN,10690.60,DUS,10,IDR,BOTOL,Aceh,EPM,CAB01,210,MARCKS,Z32,Apotek
IN6028_BRG0001,IN6028,2022-01-23,CUST55420,"APOTEK MERDEKA",BRG0001,"ACYCLOVIR DUS",1169.91,DUS,98,IDR,DUS,Bandung,EPM,CAB03,206,"OGB & PH",Z32,Apotek
IN6029_BRG0010,IN6029,2022-01-28,CUST55389,"KLINIK GM",BRG0010,PARACETAMOL,6940.30,DUS,4,IDR,BOTOL,Jakarta,EPM,CAB09,208,SLCYL,Z31,Klinik
IN6030_BRG0004,IN6030,2022-05-01,CUST55709,"KLINIK DR. ANDRI",BRG0004,"TRAMADOL KAPSUL 50 MG",6940.30,DUS,10,IDR,KAPSUL,Lampung,TA,CAB03,201,SLCYL,Z31,Klinik
IN6031_BRG0001,IN6031,2022-04-15,CUST55616,"KLINIK SAHABAT",BRG0001,"ACYCLOVIR DUS",4592.10,DUS,4,IDR,DUS,Tangerang,TD,CAB01,206,ETIKAL,Z31,Klinik
IN6032_BRG0004,IN6032,2022-06-03,CUST55679,"KLINIK DR. ANDRI",BRG0004,"TRAMADOL KAPSUL 50 MG",6940.30,DUS,23,IDR,KAPSUL,Lampung,TA,CAB03,201,SLCYL,Z31,Klinik
IN6033_BRG0009,IN6033,2022-06-12,CUST55688,"APOTEK MAJA",BRG0009,"AMBROXOL HC",5780.70,DUS,34,IDR,BOTOL,Kuningan,TD,CAB01,207,VNS,Z32,Apotek
IN6034_BRG0003,IN6034,2022-02-20,CUST55562,"KLINIK GM",BRG0003,AMPICILLIN,10690.60,DUS,14,IDR,BOTOL,Jakarta,TD,CAB06,210,MARCKS,Z31,Klinik
IN6035_BRG0007,IN6035,2022-04-25,CUST55626,"APOTEK SAHABAT",BRG0007,"ERGOTAMINE COFFEINE",4592.10,DUS,20,IDR,BOTOL,Padang,EPM,CAB10,206,ETIKAL,Z32,Apotek
IN6036_BRG0009,IN6036,2022-01-27,CUST55388,"APOTEK MAJA",BRG0009,"AMBROXOL HC",5780.70,DUS,23,IDR,BOTOL,Kuningan,TA,CAB08,207,VNS,Z32,Apotek
IN6037_BRG0002,IN6037,2022-05-03,CUST55721,"KLINIK SAHABAT",BRG0002,"ALERGINE TABLET SALUT",2337.50,DUS,45,IDR,DUS,Tangerang,TD,CAB01,203,ETIKAL,Z31,Klinik
IN6038_BRG0008,IN6038,2022-01-30,CUST55517,"KLINIK GM",BRG0008,"TETRACYCLINE KAPSUL 250 MG",3991.90,DUS,98,IDR,KAPSUL,Jakarta,TA,CAB06,204,MARCKS,Z31,Klinik
IN6039_BRG0001,IN6039,2022-01-23,CUST55480,"APOTEK MERDEKA",BRG0001,"ACYCLOVIR DUS",1169.91,DUS,13,IDR,DUS,Bandung,EPM,CAB03,206,"OGB & PH",Z32,Apotek
IN6040_BRG0001,IN6040,2022-01-31,CUST55470,"APOTEK TAPAK",BRG0001,"ACYCLOVIR DUS",1169.91,DUS,10,IDR,DUS,Aceh,EPM,CAB04,206,"OGB & PH",Z32,Apotek
IN6041_BRG0001,IN6041,2022-02-28,CUST55570,"APOTEK MERDEKA",BRG0001,"ACYCLOVIR DUS",1169.91,DUS,5,IDR,DUS,Bandung,TD,CAB03,206,"OGB & PH",Z32,Apotek
IN6042_BRG0009,IN6042,2022-01-31,CUST55428,"APOTEK MERDEKA",BRG0009,"AMBROXOL HC",5780.70,DUS,67,IDR,BOTOL,Bandung,TD,CAB07,207,VNS,Z32,Apotek
IN6043_BRG0001,IN6043,2022-03-10,CUST55580,"APOTEK SINAR JAYA",BRG0001,"ACYCLOVIR DUS",1169.91,DUS,9,IDR,DUS,Bekasi,TD,CAB09,206,"OGB & PH",Z32,Apotek
IN6044_BRG0005,IN6044,2022-05-01,CUST55694,"KLINIK DR. ANDRI",BRG0005,"KLORPROMAZINA TABLET SALUT SELAPUT 100 MG",5648.30,DUS,18,IDR,TABLET,Lampung,TD,CAB03,203,SLCYL,Z31,Klinik
IN6045_BRG0007,IN6045,2022-01-31,CUST55506,"APOTEK SAHABAT",BRG0007,"ERGOTAMINE COFFEINE",4592.10,DUS,21,IDR,BOTOL,Padang,TA,CAB10,206,ETIKAL,Z32,Apotek
IN6046_BRG0002,IN6046,2022-06-15,CUST55691,"KLINIK SAHABAT",BRG0002,"ALERGINE TABLET SALUT",2337.50,DUS,12,IDR,DUS,Tangerang,TD,CAB01,203,ETIKAL,Z31,Klinik
IN6047_BRG0006,IN6047,2022-04-26,CUST55635,"APOTEK TAPAK",BRG0006,"KETOCONAZOLE TABLET 200 MG",2819.20,DUS,12,IDR,TABLET,Aceh,TA,CAB04,205,"OGB & PH",Z32,Apotek
IN6048_BRG0005,IN6048,2022-01-31,CUST55464,"KLINIK GM",BRG0005,"KLORPROMAZINA TABLET SALUT SELAPUT 100 MG",5648.30,DUS,25,IDR,TABLET,Jakarta,EPM,CAB02,203,SLCYL,Z31,Klinik
IN6049_BRG0010,IN6049,2022-01-28,CUST55479,"KLINIK GM",BRG0010,PARACETAMOL,6940.30,DUS,9,IDR,BOTOL,Jakarta,TA,CAB02,208,SLCYL,Z31,Klinik
IN6050_BRG0005,IN6050,2022-01-31,CUST55434,"KLINIK GM",BRG0005,"KLORPROMAZINA TABLET SALUT SELAPUT 100 MG",5648.30,DUS,34,IDR,TABLET,Jakarta,TD,CAB02,203,SLCYL,Z31,Klinik
IN6051_BRG0004,IN6051,2022-03-23,CUST55593,"APOTEK MERDEKA",BRG0004,"TRAMADOL KAPSUL 50 MG",8700.70,DUS,15,IDR,KAPSUL,Bandung,TD,CAB07,201,VNS,Z32,Apotek
IN6052_BRG0006,IN6052,2022-01-23,CUST55385,"APOTEK SINAR JAYA",BRG0006,"KETOCONAZOLE TABLET 200 MG",2819.20,DUS,5,IDR,TABLET,Bekasi,TA,CAB05,205,"OGB & PH",Z32,Apotek
IN6053_BRG0002,IN6053,2022-01-28,CUST55437,"APOTEK SINAR JAYA",BRG0002,"ALERGINE TABLET SALUT",3991.90,DUS,44,IDR,DUS,Bekasi,EPM,CAB01,203,MARCKS,Z32,Apotek
IN6054_BRG0006,IN6054,2022-02-01,CUST55435,"APOTEK MERDEKA",BRG0006,"KETOCONAZOLE TABLET 200 MG",2819.20,DUS,34,IDR,TABLET,Bandung,TD,CAB03,205,"OGB & PH",Z32,Apotek
IN6055_BRG0004,IN6055,2022-03-13,CUST55583,"APOTEK MAJA",BRG0004,"TRAMADOL KAPSUL 50 MG",8700.70,DUS,4,IDR,KAPSUL,Kuningan,TD,CAB01,201,VNS,Z32,Apotek
IN6056_BRG0002,IN6056,2022-04-20,CUST55621,"APOTEK MAJA",BRG0002,"ALERGINE TABLET SALUT",2337.50,DUS,100,IDR,DUS,Kuningan,TA,CAB05,203,ETIKAL,Z32,Apotek
IN6057_BRG0003,IN6057,2022-05-17,CUST55648,"APOTEK SAHABAT",BRG0003,AMPICILLIN,5780.70,DUS,10,IDR,BOTOL,Padang,TA,CAB02,210,VNS,Z32,Apotek
IN6058_BRG0003,IN6058,2022-01-27,CUST55532,"KLINIK GM",BRG0003,AMPICILLIN,10690.60,DUS,34,IDR,BOTOL,Jakarta,TD,CAB06,210,MARCKS,Z31,Klinik
IN6059_BRG0004,IN6059,2022-06-07,CUST55683,"APOTEK MERDEKA",BRG0004,"TRAMADOL KAPSUL 50 MG",8700.70,DUS,11,IDR,KAPSUL,Bandung,EPM,CAB07,201,VNS,Z32,Apotek
IN6060_BRG0004,IN6060,2022-02-01,CUST55543,"APOTEK SAHABAT",BRG0004,"TRAMADOL KAPSUL 50 MG",8700.70,DUS,22,IDR,KAPSUL,Padang,TD,CAB02,201,VNS,Z32,Apotek
IN6061_BRG0007,IN6061,2022-02-24,CUST55566,"APOTEK SAHABAT",BRG0007,"ERGOTAMINE COFFEINE",4592.10,DUS,12,IDR,BOTOL,Padang,TD,CAB10,206,ETIKAL,Z32,Apotek
IN6062_BRG0001,IN6062,2022-01-27,CUST55490,"APOTEK SINAR JAYA",BRG0001,"ACYCLOVIR DUS",1169.91,DUS,12,IDR,DUS,Bekasi,TA,CAB09,206,"OGB & PH",Z32,Apotek
IN6063_BRG0008,IN6063,2022-02-01,CUST55417,"APOTEK TAPAK",BRG0008,"TETRACYCLINE KAPSUL 250 MG",3991.90,DUS,12,IDR,KAPSUL,Aceh,TD,CAB01,204,MARCKS,Z32,Apotek
IN6064_BRG0006,IN6064,2022-01-28,CUST55515,"APOTEK TAPAK",BRG0006,"KETOCONAZOLE TABLET 200 MG",2819.20,DUS,10,IDR,TABLET,Aceh,TD,CAB04,205,"OGB & PH",Z32,Apotek
IN6065_BRG0005,IN6065,2022-01-23,CUST55474,"KLINIK SAHABAT",BRG0005,"KLORPROMAZINA TABLET SALUT SELAPUT 100 MG",5648.30,DUS,4,IDR,TABLET,Tangerang,EPM,CAB08,203,SLCYL,Z31,Klinik
IN6066_BRG0009,IN6066,2022-01-27,CUST55538,"APOTEK MAJA",BRG0009,"AMBROXOL HC",5780.70,DUS,12,IDR,BOTOL,Kuningan,EPM,CAB01,207,VNS,Z32,Apotek
IN6067_BRG0005,IN6067,2022-05-01,CUST55704,"KLINIK GM",BRG0005,"KLORPROMAZINA TABLET SALUT SELAPUT 100 MG",5648.30,DUS,14,IDR,TABLET,Jakarta,TD,CAB02,203,SLCYL,Z31,Klinik
IN6068_BRG0007,IN6068,2022-01-31,CUST55536,"APOTEK SAHABAT",BRG0007,"ERGOTAMINE COFFEINE",4592.10,DUS,6,IDR,BOTOL,Padang,TD,CAB10,206,ETIKAL,Z32,Apotek
IN6069_BRG0002,IN6069,2022-03-01,CUST55571,"KLINIK SAHABAT",BRG0002,"ALERGINE TABLET SALUT",2337.50,DUS,4,IDR,DUS,Tangerang,TA,CAB01,203,ETIKAL,Z31,Klinik
IN6070_BRG0006,IN6070,2022-01-28,CUST55485,"APOTEK TAPAK",BRG0006,"KETOCONAZOLE TABLET 200 MG",2819.20,DUS,23,IDR,TABLET,Aceh,TD,CAB04,205,"OGB & PH",Z32,Apotek
IN6071_BRG0007,IN6071,2022-04-27,CUST55636,"APOTEK MAJA",BRG0007,"ERGOTAMINE COFFEINE",4592.10,DUS,95,IDR,BOTOL,Kuningan,EPM,CAB05,206,ETIKAL,Z32,Apotek
IN6072_BRG0008,IN6072,2022-02-01,CUST55477,"APOTEK TAPAK",BRG0008,"TETRACYCLINE KAPSUL 250 MG",3991.90,DUS,1,IDR,KAPSUL,Aceh,EPM,CAB01,204,MARCKS,Z32,Apotek
IN6073_BRG0009,IN6073,2022-04-27,CUST55628,"APOTEK MAJA",BRG0009,"AMBROXOL HC",5780.70,DUS,34,IDR,BOTOL,Kuningan,TA,CAB01,207,VNS,Z32,Apotek
IN6074_BRG0003,IN6074,2022-01-27,CUST55472,"KLINIK GM",BRG0003,AMPICILLIN,10690.60,DUS,98,IDR,BOTOL,Jakarta,TD,CAB06,210,MARCKS,Z31,Klinik
IN6075_BRG0009,IN6075,2022-04-16,CUST55638,"APOTEK MERDEKA",BRG0009,"AMBROXOL HC",5780.70,DUS,48,IDR,BOTOL,Bandung,TA,CAB07,207,VNS,Z32,Apotek
IN6076_BRG0005,IN6076,2022-03-24,CUST55594,"KLINIK SAHABAT",BRG0005,"KLORPROMAZINA TABLET SALUT SELAPUT 100 MG",5648.30,DUS,12,IDR,TABLET,Tangerang,TA,CAB08,203,SLCYL,Z31,Klinik
IN6077_BRG0002,IN6077,2022-05-16,CUST55647,"APOTEK SINAR JAYA",BRG0002,"ALERGINE TABLET SALUT",3991.90,DUS,12,IDR,DUS,Bekasi,TD,CAB01,203,MARCKS,Z32,Apotek
IN6078_BRG0001,IN6078,2022-03-30,CUST55600,"APOTEK MERDEKA",BRG0001,"ACYCLOVIR DUS",1169.91,DUS,12,IDR,DUS,Bandung,TD,CAB03,206,"OGB & PH",Z32,Apotek
IN6079_BRG0005,IN6079,2022-01-31,CUST55494,"KLINIK GM",BRG0005,"KLORPROMAZINA TABLET SALUT SELAPUT 100 MG",5648.30,DUS,34,IDR,TABLET,Jakarta,EPM,CAB02,203,SLCYL,Z31,Klinik
IN6080_BRG0007,IN6080,2022-03-26,CUST55596,"APOTEK SAHABAT",BRG0007,"ERGOTAMINE COFFEINE",4592.10,DUS,14,IDR,BOTOL,Padang,TD,CAB10,206,ETIKAL,Z32,Apotek
IN6081_BRG0004,IN6081,2022-03-19,CUST55589,"KLINIK DR. ANDRI",BRG0004,"TRAMADOL KAPSUL 50 MG",6940.30,DUS,25,IDR,KAPSUL,Lampung,TD,CAB03,201,SLCYL,Z31,Klinik
IN6082_BRG0002,IN6082,2022-04-16,CUST55617,"APOTEK SINAR JAYA",BRG0002,"ALERGINE TABLET SALUT",3991.90,DUS,8,IDR,DUS,Bekasi,TD,CAB01,203,MARCKS,Z32,Apotek
IN6083_BRG0008,IN6083,2022-01-30,CUST55487,"KLINIK GM",BRG0008,"TETRACYCLINE KAPSUL 250 MG",3991.90,DUS,2,IDR,KAPSUL,Jakarta,EPM,CAB06,204,MARCKS,Z31,Klinik
IN6084_BRG0002,IN6084,2022-02-01,CUST55471,"APOTEK MAJA",BRG0002,"ALERGINE TABLET SALUT",2337.50,DUS,67,IDR,DUS,Kuningan,TD,CAB05,203,ETIKAL,Z32,Apotek
IN6085_BRG0002,IN6085,2022-03-31,CUST55601,"KLINIK SAHABAT",BRG0002,"ALERGINE TABLET SALUT",2337.50,DUS,25,IDR,DUS,Tangerang,TA,CAB01,203,ETIKAL,Z31,Klinik
IN6086_BRG0003,IN6086,2022-01-23,CUST55408,"APOTEK SAHABAT",BRG0003,AMPICILLIN,5780.70,DUS,14,IDR,BOTOL,Padang,TD,CAB02,210,VNS,Z32,Apotek
IN6087_BRG0001,IN6087,2022-02-18,CUST55560,"APOTEK TAPAK",BRG0001,"ACYCLOVIR DUS",1169.91,DUS,12,IDR,DUS,Aceh,TA,CAB04,206,"OGB & PH",Z32,Apotek
IN6088_BRG0009,IN6088,2022-02-06,CUST55548,"APOTEK MERDEKA",BRG0009,"AMBROXOL HC",5780.70,DUS,10,IDR,BOTOL,Bandung,EPM,CAB07,207,VNS,Z32,Apotek
IN6089_BRG0007,IN6089,2022-01-25,CUST55386,"APOTEK SAHABAT",BRG0007,"ERGOTAMINE COFFEINE",4592.10,DUS,9,IDR,BOTOL,Padang,EPM,CAB06,206,ETIKAL,Z32,Apotek
IN6090_BRG0006,IN6090,2022-05-24,CUST55655,"APOTEK SINAR JAYA",BRG0006,"KETOCONAZOLE TABLET 200 MG",2819.20,DUS,21,IDR,TABLET,Bekasi,TA,CAB09,205,"OGB & PH",Z32,Apotek
IN6091_BRG0008,IN6091,2022-06-11,CUST55687,"APOTEK TAPAK",BRG0008,"TETRACYCLINE KAPSUL 250 MG",3991.90,DUS,14,IDR,KAPSUL,Aceh,TD,CAB01,204,MARCKS,Z32,Apotek
IN6092_BRG0005,IN6092,2022-03-14,CUST55584,"KLINIK GM",BRG0005,"KLORPROMAZINA TABLET SALUT SELAPUT 100 MG",5648.30,DUS,2,IDR,TABLET,Jakarta,TA,CAB02,203,SLCYL,Z31,Klinik
IN6093_BRG0005,IN6093,2022-05-29,CUST55674,"KLINIK GM",BRG0005,"KLORPROMAZINA TABLET SALUT SELAPUT 100 MG",5648.30,DUS,13,IDR,TABLET,Jakarta,TD,CAB02,203,SLCYL,Z31,Klinik
IN6094_BRG0001,IN6094,2022-05-02,CUST55710,"APOTEK TAPAK",BRG0001,"ACYCLOVIR DUS",1169.91,DUS,67,IDR,DUS,Aceh,EPM,CAB04,206,"OGB & PH",Z32,Apotek
IN6095_BRG0009,IN6095,2022-01-27,CUST55478,"APOTEK MAJA",BRG0009,"AMBROXOL HC",5780.70,DUS,5,IDR,BOTOL,Kuningan,TD,CAB01,207,VNS,Z32,Apotek
IN6096_BRG0002,IN6096,2022-02-19,CUST55561,"APOTEK MAJA",BRG0002,"ALERGINE TABLET SALUT",2337.50,DUS,25,IDR,DUS,Kuningan,EPM,CAB05,203,ETIKAL,Z32,Apotek
IN6097_BRG0009,IN6097,2022-04-30,CUST55718,"APOTEK MAJA",BRG0009,"AMBROXOL HC",5780.70,DUS,100,IDR,BOTOL,Kuningan,TD,CAB01,207,VNS,Z32,Apotek
IN6098_BRG0010,IN6098,2022-03-29,CUST55599,"KLINIK GM",BRG0010,PARACETAMOL,6940.30,DUS,19,IDR,BOTOL,Jakarta,EPM,CAB02,208,SLCYL,Z31,Klinik
IN6099_BRG0008,IN6099,2022-01-30,CUST55457,"KLINIK GM",BRG0008,"TETRACYCLINE KAPSUL 250 MG",3991.90,DUS,5,IDR,KAPSUL,Jakarta,EPM,CAB06,204,MARCKS,Z31,Klinik
IN6100_BRG0002,IN6100,2022-06-01,CUST55677,"APOTEK SINAR JAYA",BRG0002,"ALERGINE TABLET SALUT",3991.90,DUS,9,IDR,DUS,Bekasi,TD,CAB01,203,MARCKS,Z32,Apotek
IN6101_BRG0004,IN6101,2022-04-30,CUST55723,"APOTEK SAHABAT",BRG0004,"TRAMADOL KAPSUL 50 MG",8700.70,DUS,20,IDR,KAPSUL,Padang,EPM,CAB02,201,VNS,Z32,Apotek
IN6102_BRG0003,IN6102,2022-01-31,CUST55392,"APOTEK SINAR JAYA",BRG0003,AMPICILLIN,10690.60,DUS,11,IDR,BOTOL,Bekasi,TA,CAB01,210,MARCKS,Z32,Apotek
IN6103_BRG0001,IN6103,2022-01-27,CUST55496,"KLINIK SAHABAT",BRG0001,"ACYCLOVIR DUS",4592.10,DUS,15,IDR,DUS,Tangerang,TA,CAB01,206,ETIKAL,Z31,Klinik
IN6104_BRG0004,IN6104,2022-01-30,CUST55433,"APOTEK MAJA",BRG0004,"TRAMADOL KAPSUL 50 MG",8700.70,DUS,45,IDR,KAPSUL,Kuningan,EPM,CAB01,201,VNS,Z32,Apotek
IN6105_BRG0001,IN6105,2022-05-02,CUST55700,"APOTEK SINAR JAYA",BRG0001,"ACYCLOVIR DUS",1169.91,DUS,21,IDR,DUS,Bekasi,EPM,CAB09,206,"OGB & PH",Z32,Apotek
IN6106_BRG0004,IN6106,2022-04-30,CUST55713,"APOTEK MERDEKA",BRG0004,"TRAMADOL KAPSUL 50 MG",8700.70,DUS,4,IDR,KAPSUL,Bandung,EPM,CAB07,201,VNS,Z32,Apotek
IN6107_BRG0002,IN6107,2022-01-30,CUST55511,"KLINIK SAHABAT",BRG0002,"ALERGINE TABLET SALUT",2337.50,DUS,24,IDR,DUS,Tangerang,EPM,CAB01,203,ETIKAL,Z31,Klinik
IN6108_BRG0004,IN6108,2022-01-30,CUST55409,"KLINIK DR. ANDRI",BRG0004,"TRAMADOL KAPSUL 50 MG",6940.30,DUS,21,IDR,KAPSUL,Lampung,TA,CAB03,201,SLCYL,Z31,Klinik
IN6109_BRG0003,IN6109,2022-06-16,CUST55702,"APOTEK TAPAK",BRG0003,AMPICILLIN,10690.60,DUS,12,IDR,BOTOL,Aceh,TA,CAB01,210,MARCKS,Z32,Apotek
IN6110_BRG0007,IN6110,2022-03-06,CUST55576,"APOTEK MAJA",BRG0007,"ERGOTAMINE COFFEINE",4592.10,DUS,9,IDR,BOTOL,Kuningan,TD,CAB05,206,ETIKAL,Z32,Apotek
IN6111_BRG0008,IN6111,2022-05-26,CUST55657,"APOTEK TAPAK",BRG0008,"TETRACYCLINE KAPSUL 250 MG",3991.90,DUS,12,IDR,KAPSUL,Aceh,TD,CAB01,204,MARCKS,Z32,Apotek
IN6112_BRG0007,IN6112,2022-05-03,CUST55726,"APOTEK MAJA",BRG0007,"ERGOTAMINE COFFEINE",4592.10,DUS,34,IDR,BOTOL,Kuningan,TA,CAB05,206,ETIKAL,Z32,Apotek
IN6113_BRG0001,IN6113,2022-01-27,CUST55400,"APOTEK SINAR JAYA",BRG0001,"ACYCLOVIR DUS",1169.91,DUS,12,IDR,DUS,Bekasi,TD,CAB09,206,"OGB & PH",Z32,Apotek
IN6114_BRG0010,IN6114,2022-02-27,CUST55569,"KLINIK GM",BRG0010,PARACETAMOL,6940.30,DUS,98,IDR,BOTOL,Jakarta,TD,CAB02,208,SLCYL,Z31,Klinik
IN6115_BRG0007,IN6115,2022-05-03,CUST55716,"APOTEK SAHABAT",BRG0007,"ERGOTAMINE COFFEINE",4592.10,DUS,10,IDR,BOTOL,Padang,TA,CAB10,206,ETIKAL,Z32,Apotek
IN6116_BRG0006,IN6116,2022-01-28,CUST55455,"APOTEK TAPAK",BRG0006,"KETOCONAZOLE TABLET 200 MG",2819.20,DUS,67,IDR,TABLET,Aceh,TD,CAB04,205,"OGB & PH",Z32,Apotek
IN6117_BRG0008,IN6117,2022-05-22,CUST55667,"KLINIK GM",BRG0008,"TETRACYCLINE KAPSUL 250 MG",3991.90,DUS,5,IDR,KAPSUL,Jakarta,TD,CAB06,204,MARCKS,Z31,Klinik
IN6118_BRG0003,IN6118,2022-01-27,CUST55502,"KLINIK GM",BRG0003,AMPICILLIN,10690.60,DUS,19,IDR,BOTOL,Jakarta,TD,CAB06,210,MARCKS,Z31,Klinik
IN6119_BRG0010,IN6119,2022-01-28,CUST55449,"KLINIK GM",BRG0010,PARACETAMOL,6940.30,DUS,14,IDR,BOTOL,Jakarta,TA,CAB02,208,SLCYL,Z31,Klinik
IN6120_BRG0006,IN6120,2022-02-01,CUST55465,"APOTEK MERDEKA",BRG0006,"KETOCONAZOLE TABLET 200 MG",2819.20,DUS,14,IDR,TABLET,Bandung,TD,CAB03,205,"OGB & PH",Z32,Apotek
IN6121_BRG0007,IN6121,2022-05-21,CUST55666,"APOTEK MAJA",BRG0007,"ERGOTAMINE COFFEINE",4592.10,DUS,98,IDR,BOTOL,Kuningan,EPM,CAB05,206,ETIKAL,Z32,Apotek
IN6122_BRG0006,IN6122,2022-01-30,CUST55445,"APOTEK SINAR JAYA",BRG0006,"KETOCONAZOLE TABLET 200 MG",2819.20,DUS,21,IDR,TABLET,Bekasi,TD,CAB09,205,"OGB & PH",Z32,Apotek
IN6123_BRG0008,IN6123,2022-06-16,CUST55697,"KLINIK GM",BRG0008,"TETRACYCLINE KAPSUL 250 MG",3991.90,DUS,12,IDR,KAPSUL,Jakarta,TD,CAB06,204,MARCKS,Z31,Klinik
IN6124_BRG0003,IN6124,2022-01-27,CUST55442,"KLINIK GM",BRG0003,AMPICILLIN,10690.60,DUS,95,IDR,BOTOL,Jakarta,TA,CAB06,210,MARCKS,Z31,Klinik
IN6125_BRG0003,IN6125,2022-01-23,CUST55402,"APOTEK TAPAK",BRG0003,AMPICILLIN,10690.60,DUS,14,IDR,BOTOL,Aceh,TA,CAB01,210,MARCKS,Z32,Apotek
IN6126_BRG0005,IN6126,2022-04-23,CUST55624,"KLINIK SAHABAT",BRG0005,"KLORPROMAZINA TABLET SALUT SELAPUT 100 MG",5648.30,DUS,45,IDR,TABLET,Tangerang,TD,CAB08,203,SLCYL,Z31,Klinik
IN6127_BRG0006,IN6127,2022-04-24,CUST55625,"APOTEK SINAR JAYA",BRG0006,"KETOCONAZOLE TABLET 200 MG",2819.20,DUS,34,IDR,TABLET,Bekasi,TA,CAB09,205,"OGB & PH",Z32,Apotek
IN6128_BRG0008,IN6128,2022-02-01,CUST55537,"APOTEK TAPAK",BRG0008,"TETRACYCLINE KAPSUL 250 MG",3991.90,DUS,79,IDR,KAPSUL,Aceh,TA,CAB01,204,MARCKS,Z32,Apotek
IN6129_BRG0001,IN6129,2022-02-14,CUST55556,"KLINIK SAHABAT",BRG0001,"ACYCLOVIR DUS",4592.10,DUS,8,IDR,DUS,Tangerang,TD,CAB01,206,ETIKAL,Z31,Klinik
IN6130_BRG0009,IN6130,2022-01-31,CUST55518,"APOTEK MERDEKA",BRG0009,"AMBROXOL HC",5780.70,DUS,5,IDR,BOTOL,Bandung,EPM,CAB07,207,VNS,Z32,Apotek
IN6131_BRG0009,IN6131,2022-01-27,CUST55418,"APOTEK MAJA",BRG0009,"AMBROXOL HC",5780.70,DUS,10,IDR,BOTOL,Kuningan,TD,CAB01,207,VNS,Z32,Apotek
IN6132_BRG0003,IN6132,2022-04-30,CUST55708,"APOTEK SAHABAT",BRG0003,AMPICILLIN,5780.70,DUS,12,IDR,BOTOL,Padang,TD,CAB02,210,VNS,Z32,Apotek
IN6133_BRG0010,IN6133,2022-02-01,CUST55429,"KLINIK SAHABAT",BRG0010,PARACETAMOL,6940.30,DUS,78,IDR,BOTOL,Tangerang,TA,CAB08,208,SLCYL,Z31,Klinik
IN6134_BRG0002,IN6134,2022-02-01,CUST55441,"APOTEK MAJA",BRG0002,"ALERGINE TABLET SALUT",2337.50,DUS,12,IDR,DUS,Kuningan,TD,CAB05,203,ETIKAL,Z32,Apotek
IN6135_BRG0001,IN6135,2022-02-08,CUST55550,"APOTEK SINAR JAYA",BRG0001,"ACYCLOVIR DUS",1169.91,DUS,12,IDR,DUS,Bekasi,TA,CAB09,206,"OGB & PH",Z32,Apotek
IN6136_BRG0001,IN6136,2022-01-27,CUST55526,"KLINIK SAHABAT",BRG0001,"ACYCLOVIR DUS",4592.10,DUS,78,IDR,DUS,Tangerang,TD,CAB01,206,ETIKAL,Z31,Klinik
IN6137_BRG0004,IN6137,2022-03-03,CUST55573,"APOTEK SAHABAT",BRG0004,"TRAMADOL KAPSUL 50 MG",8700.70,DUS,9,IDR,KAPSUL,Padang,TD,CAB02,201,VNS,Z32,Apotek
IN6138_BRG0002,IN6138,2022-04-18,CUST55661,"KLINIK SAHABAT",BRG0002,"ALERGINE TABLET SALUT",2337.50,DUS,10,IDR,DUS,Tangerang,TD,CAB01,203,ETIKAL,Z31,Klinik
IN6139_BRG0004,IN6139,2022-04-22,CUST55623,"APOTEK MERDEKA",BRG0004,"TRAMADOL KAPSUL 50 MG",8700.70,DUS,78,IDR,KAPSUL,Bandung,TD,CAB07,201,VNS,Z32,Apotek
IN6140_BRG0006,IN6140,2022-03-25,CUST55595,"APOTEK SINAR JAYA",BRG0006,"KETOCONAZOLE TABLET 200 MG",2819.20,DUS,25,IDR,TABLET,Bekasi,EPM,CAB09,205,"OGB & PH",Z32,Apotek
IN6141_BRG0002,IN6141,2022-01-28,CUST55401,"APOTEK SAHABAT",BRG0002,"ALERGINE TABLET SALUT",2337.50,DUS,25,IDR,DUS,Padang,TD,CAB10,203,ETIKAL,Z32,Apotek
IN6142_BRG0005,IN6142,2022-05-01,CUST55724,"KLINIK DR. ANDRI",BRG0005,"KLORPROMAZINA TABLET SALUT SELAPUT 100 MG",5648.30,DUS,45,IDR,TABLET,Lampung,TD,CAB03,203,SLCYL,Z31,Klinik
IN6143_BRG0006,IN6143,2022-05-02,CUST55705,"APOTEK MERDEKA",BRG0006,"KETOCONAZOLE TABLET 200 MG",2819.20,DUS,24,IDR,TABLET,Bandung,TD,CAB03,205,"OGB & PH",Z32,Apotek
IN6144_BRG0004,IN6144,2022-01-22,CUST55383,"APOTEK MERDEKA",BRG0004,"TRAMADOL KAPSUL 50 MG",8700.70,DUS,13,IDR,KAPSUL,Bandung,EPM,CAB03,201,VNS,Z32,Apotek
IN6145_BRG0003,IN6145,2022-04-20,CUST55642,"APOTEK TAPAK",BRG0003,AMPICILLIN,10690.60,DUS,25,IDR,BOTOL,Aceh,EPM,CAB01,210,MARCKS,Z32,Apotek
IN6146_BRG0003,IN6146,2022-01-27,CUST55412,"KLINIK GM",BRG0003,AMPICILLIN,10690.60,DUS,25,IDR,BOTOL,Jakarta,TA,CAB06,210,MARCKS,Z31,Klinik
IN6147_BRG0006,IN6147,2022-02-13,CUST55555,"APOTEK MERDEKA",BRG0006,"KETOCONAZOLE TABLET 200 MG",2819.20,DUS,4,IDR,TABLET,Bandung,EPM,CAB03,205,"OGB & PH",Z32,Apotek
IN6148_BRG0007,IN6148,2022-01-31,CUST55476,"APOTEK SAHABAT",BRG0007,"ERGOTAMINE COFFEINE",4592.10,DUS,9,IDR,BOTOL,Padang,TA,CAB10,206,ETIKAL,Z32,Apotek
IN6149_BRG0001,IN6149,2022-03-20,CUST55590,"APOTEK TAPAK",BRG0001,"ACYCLOVIR DUS",1169.91,DUS,14,IDR,DUS,Aceh,TD,CAB04,206,"OGB & PH",Z32,Apotek
IN6150_BRG0002,IN6150,2022-05-20,CUST55651,"APOTEK MAJA",BRG0002,"ALERGINE TABLET SALUT",2337.50,DUS,5,IDR,DUS,Kuningan,TD,CAB05,203,ETIKAL,Z32,Apotek
IN6151_BRG0001,IN6151,2022-05-02,CUST55720,"APOTEK MERDEKA",BRG0001,"ACYCLOVIR DUS",1169.91,DUS,78,IDR,DUS,Bandung,EPM,CAB03,206,"OGB & PH",Z32,Apotek
IN6152_BRG0003,IN6152,2022-01-31,CUST55512,"APOTEK SINAR JAYA",BRG0003,AMPICILLIN,10690.60,DUS,10,IDR,BOTOL,Bekasi,TD,CAB01,210,MARCKS,Z32,Apotek
IN6153_BRG0008,IN6153,2022-03-27,CUST55597,"APOTEK TAPAK",BRG0008,"TETRACYCLINE KAPSUL 250 MG",3991.90,DUS,18,IDR,KAPSUL,Aceh,TD,CAB01,204,MARCKS,Z32,Apotek
IN6154_BRG0002,IN6154,2022-04-19,CUST55641,"APOTEK SAHABAT",BRG0002,"ALERGINE TABLET SALUT",2337.50,DUS,12,IDR,DUS,Padang,TA,CAB10,203,ETIKAL,Z32,Apotek
IN6155_BRG0003,IN6155,2022-01-21,CUST55382,"KLINIK GM",BRG0003,AMPICILLIN,10690.60,DUS,9,IDR,BOTOL,Jakarta,TA,CAB02,210,MARCKS,Z31,Klinik
IN6156_BRG0009,IN6156,2022-04-07,CUST55608,"APOTEK MERDEKA",BRG0009,"AMBROXOL HC",5780.70,DUS,24,IDR,BOTOL,Bandung,TA,CAB07,207,VNS,Z32,Apotek
IN6157_BRG0004,IN6157,2022-04-12,CUST55613,"APOTEK MAJA",BRG0004,"TRAMADOL KAPSUL 50 MG",8700.70,DUS,67,IDR,KAPSUL,Kuningan,TD,CAB01,201,VNS,Z32,Apotek
IN6158_BRG0010,IN6158,2022-05-01,CUST55699,"KLINIK SAHABAT",BRG0010,PARACETAMOL,6940.30,DUS,14,IDR,BOTOL,Tangerang,TA,CAB08,208,SLCYL,Z31,Klinik
IN6159_BRG0010,IN6159,2022-06-13,CUST55689,"KLINIK GM",BRG0010,PARACETAMOL,6940.30,DUS,67,IDR,BOTOL,Jakarta,TA,CAB02,208,SLCYL,Z31,Klinik
IN6160_BRG0003,IN6160,2022-05-27,CUST55672,"APOTEK TAPAK",BRG0003,AMPICILLIN,10690.60,DUS,5,IDR,BOTOL,Aceh,TA,CAB01,210,MARCKS,Z32,Apotek
IN6161_BRG0001,IN6161,2022-01-27,CUST55466,"KLINIK SAHABAT",BRG0001,"ACYCLOVIR DUS",4592.10,DUS,24,IDR,DUS,Tangerang,TA,CAB01,206,ETIKAL,Z31,Klinik
IN6162_BRG0004,IN6162,2022-01-28,CUST55503,"APOTEK MERDEKA",BRG0004,"TRAMADOL KAPSUL 50 MG",8700.70,DUS,12,IDR,KAPSUL,Bandung,TA,CAB07,201,VNS,Z32,Apotek
IN6163_BRG0002,IN6163,2022-01-30,CUST55421,"KLINIK SAHABAT",BRG0002,"ALERGINE TABLET SALUT",2337.50,DUS,5,IDR,DUS,Tangerang,TD,CAB01,203,ETIKAL,Z31,Klinik
IN6164_BRG0009,IN6164,2022-03-08,CUST55578,"APOTEK MERDEKA",BRG0009,"AMBROXOL HC",5780.70,DUS,1,IDR,BOTOL,Bandung,EPM,CAB07,207,VNS,Z32,Apotek
IN6165_BRG0003,IN6165,2022-06-16,CUST55722,"APOTEK SINAR JAYA",BRG0003,AMPICILLIN,10690.60,DUS,34,IDR,BOTOL,Bekasi,TA,CAB01,210,MARCKS,Z32,Apotek
IN6166_BRG0006,IN6166,2022-05-30,CUST55675,"APOTEK MERDEKA",BRG0006,"KETOCONAZOLE TABLET 200 MG",2819.20,DUS,1,IDR,TABLET,Bandung,TA,CAB03,205,"OGB & PH",Z32,Apotek
IN6167_BRG0002,IN6167,2022-01-28,CUST55491,"APOTEK SAHABAT",BRG0002,"ALERGINE TABLET SALUT",2337.50,DUS,12,IDR,DUS,Padang,EPM,CAB10,203,ETIKAL,Z32,Apotek
IN6168_BRG0005,IN6168,2022-05-13,CUST55644,"KLINIK GM",BRG0005,"KLORPROMAZINA TABLET SALUT SELAPUT 100 MG",5648.30,DUS,24,IDR,TABLET,Jakarta,TD,CAB02,203,SLCYL,Z31,Klinik
IN6169_BRG0006,IN6169,2022-05-20,CUST55665,"APOTEK TAPAK",BRG0006,"KETOCONAZOLE TABLET 200 MG",2819.20,DUS,67,IDR,TABLET,Aceh,TA,CAB04,205,"OGB & PH",Z32,Apotek
IN6170_BRG0006,IN6170,2022-01-30,CUST55505,"APOTEK SINAR JAYA",BRG0006,"KETOCONAZOLE TABLET 200 MG",2819.20,DUS,14,IDR,TABLET,Bekasi,TD,CAB09,205,"OGB & PH",Z32,Apotek
IN6171_BRG0006,IN6171,2022-02-03,CUST55545,"APOTEK TAPAK",BRG0006,"KETOCONAZOLE TABLET 200 MG",2819.20,DUS,25,IDR,TABLET,Aceh,EPM,CAB04,205,"OGB & PH",Z32,Apotek
IN6172_BRG0002,IN6172,2022-01-28,CUST55497,"APOTEK SINAR JAYA",BRG0002,"ALERGINE TABLET SALUT",3991.90,DUS,12,IDR,DUS,Bekasi,EPM,CAB01,203,MARCKS,Z32,Apotek
IN6173_BRG0001,IN6173,2022-01-27,CUST55406,"KLINIK SAHABAT",BRG0001,"ACYCLOVIR DUS",4592.10,DUS,12,IDR,DUS,Tangerang,EPM,CAB01,206,ETIKAL,Z31,Klinik
IN6174_BRG0003,IN6174,2022-04-17,CUST55618,"APOTEK SAHABAT",BRG0003,AMPICILLIN,5780.70,DUS,9,IDR,BOTOL,Padang,TA,CAB02,210,VNS,Z32,Apotek
IN6175_BRG0005,IN6175,2022-01-31,CUST55404,"KLINIK GM",BRG0005,"KLORPROMAZINA TABLET SALUT SELAPUT 100 MG",5648.30,DUS,18,IDR,TABLET,Jakarta,TD,CAB02,203,SLCYL,Z31,Klinik
IN6176_BRG0004,IN6176,2022-01-30,CUST55403,"APOTEK MAJA",BRG0004,"TRAMADOL KAPSUL 50 MG",8700.70,DUS,18,IDR,KAPSUL,Kuningan,EPM,CAB01,201,VNS,Z32,Apotek
IN6177_BRG0006,IN6177,2022-03-15,CUST55585,"APOTEK MERDEKA",BRG0006,"KETOCONAZOLE TABLET 200 MG",2819.20,DUS,17,IDR,TABLET,Bandung,EPM,CAB03,205,"OGB & PH",Z32,Apotek
IN6178_BRG0006,IN6178,2022-05-02,CUST55695,"APOTEK TAPAK",BRG0006,"KETOCONAZOLE TABLET 200 MG",2819.20,DUS,18,IDR,TABLET,Aceh,TA,CAB04,205,"OGB & PH",Z32,Apotek
IN6179_BRG0010,IN6179,2022-05-24,CUST55669,"KLINIK SAHABAT",BRG0010,PARACETAMOL,6940.30,DUS,8,IDR,BOTOL,Tangerang,EPM,CAB08,208,SLCYL,Z31,Klinik
IN6180_BRG0005,IN6180,2022-04-13,CUST55614,"KLINIK GM",BRG0005,"KLORPROMAZINA TABLET SALUT SELAPUT 100 MG",5648.30,DUS,98,IDR,TABLET,Jakarta,TA,CAB02,203,SLCYL,Z31,Klinik
IN6181_BRG0010,IN6181,2022-02-07,CUST55549,"KLINIK SAHABAT",BRG0010,PARACETAMOL,6940.30,DUS,130,IDR,BOTOL,Tangerang,TD,CAB08,208,SLCYL,Z31,Klinik
IN6182_BRG0008,IN6182,2022-03-07,CUST55577,"KLINIK GM",BRG0008,"TETRACYCLINE KAPSUL 250 MG",3991.90,DUS,13,IDR,KAPSUL,Jakarta,TA,CAB06,204,MARCKS,Z31,Klinik
IN6183_BRG0003,IN6183,2022-01-23,CUST55498,"APOTEK SAHABAT",BRG0003,AMPICILLIN,5780.70,DUS,25,IDR,BOTOL,Padang,TD,CAB02,210,VNS,Z32,Apotek
IN6184_BRG0006,IN6184,2022-01-28,CUST55395,"APOTEK TAPAK",BRG0006,"KETOCONAZOLE TABLET 200 MG",2819.20,DUS,25,IDR,TABLET,Aceh,TA,CAB04,205,"OGB & PH",Z32,Apotek
IN6185_BRG0004,IN6185,2022-02-01,CUST55483,"APOTEK SAHABAT",BRG0004,"TRAMADOL KAPSUL 50 MG",8700.70,DUS,9,IDR,KAPSUL,Padang,TA,CAB02,201,VNS,Z32,Apotek
IN6186_BRG0001,IN6186,2022-01-31,CUST55500,"APOTEK TAPAK",BRG0001,"ACYCLOVIR DUS",1169.91,DUS,18,IDR,DUS,Aceh,TA,CAB04,206,"OGB & PH",Z32,Apotek
IN6187_BRG0007,IN6187,2022-04-05,CUST55606,"APOTEK MAJA",BRG0007,"ERGOTAMINE COFFEINE",4592.10,DUS,25,IDR,BOTOL,Kuningan,TD,CAB05,206,ETIKAL,Z32,Apotek
IN6188_BRG0005,IN6188,2022-01-27,CUST55454,"KLINIK DR. ANDRI",BRG0005,"KLORPROMAZINA TABLET SALUT SELAPUT 100 MG",5648.30,DUS,10,IDR,TABLET,Lampung,TD,CAB03,203,SLCYL,Z31,Klinik
IN6189_BRG0005,IN6189,2022-03-04,CUST55574,"KLINIK DR. ANDRI",BRG0005,"KLORPROMAZINA TABLET SALUT SELAPUT 100 MG",5648.30,DUS,1,IDR,TABLET,Lampung,TA,CAB03,203,SLCYL,Z31,Klinik
IN6190_BRG0001,IN6190,2022-01-23,CUST55390,"APOTEK MERDEKA",BRG0001,"ACYCLOVIR DUS",1169.91,DUS,2,IDR,DUS,Bandung,TD,CAB10,206,"OGB & PH",Z32,Apotek
IN6191_BRG0003,IN6191,2022-01-31,CUST55422,"APOTEK SINAR JAYA",BRG0003,AMPICILLIN,10690.60,DUS,4,IDR,BOTOL,Bekasi,TA,CAB01,210,MARCKS,Z32,Apotek
IN6192_BRG0006,IN6192,2022-05-14,CUST55645,"APOTEK MERDEKA",BRG0006,"KETOCONAZOLE TABLET 200 MG",2819.20,DUS,10,IDR,TABLET,Bandung,TA,CAB03,205,"OGB & PH",Z32,Apotek
IN6193_BRG0003,IN6193,2022-03-18,CUST55588,"APOTEK SAHABAT",BRG0003,AMPICILLIN,5780.70,DUS,12,IDR,BOTOL,Padang,EPM,CAB02,210,VNS,Z32,Apotek
IN6194_BRG0009,IN6194,2022-04-18,CUST55658,"APOTEK MAJA",BRG0009,"AMBROXOL HC",5780.70,DUS,25,IDR,BOTOL,Kuningan,TA,CAB01,207,VNS,Z32,Apotek
IN6195_BRG0009,IN6195,2022-01-31,CUST55398,"APOTEK MERDEKA",BRG0009,"AMBROXOL HC",5780.70,DUS,67,IDR,BOTOL,Bandung,TA,CAB07,207,VNS,Z32,Apotek
IN6196_BRG0001,IN6196,2022-01-31,CUST55530,"APOTEK TAPAK",BRG0001,"ACYCLOVIR DUS",1169.91,DUS,45,IDR,DUS,Aceh,TA,CAB04,206,"OGB & PH",Z32,Apotek
IN6197_BRG0001,IN6197,2022-04-29,CUST55630,"APOTEK MERDEKA",BRG0001,"ACYCLOVIR DUS",1169.91,DUS,34,IDR,DUS,Bandung,TD,CAB03,206,"OGB & PH",Z32,Apotek
IN6198_BRG0001,IN6198,2022-06-04,CUST55680,"APOTEK TAPAK",BRG0001,"ACYCLOVIR DUS",1169.91,DUS,4,IDR,DUS,Aceh,EPM,CAB04,206,"OGB & PH",Z32,Apotek
IN6199_BRG0010,IN6199,2022-01-28,CUST55509,"KLINIK GM",BRG0010,PARACETAMOL,6940.30,DUS,25,IDR,BOTOL,Jakarta,TD,CAB02,208,SLCYL,Z31,Klinik
IN6200_BRG0004,IN6200,2022-01-28,CUST55473,"APOTEK MERDEKA",BRG0004,"TRAMADOL KAPSUL 50 MG",8700.70,DUS,5,IDR,KAPSUL,Bandung,TA,CAB07,201,VNS,Z32,Apotek
IN6201_BRG0009,IN6201,2022-05-23,CUST55668,"APOTEK MERDEKA",BRG0009,"AMBROXOL HC",5780.70,DUS,4,IDR,BOTOL,Bandung,TA,CAB07,207,VNS,Z32,Apotek
IN6202_BRG0003,IN6202,2022-01-23,CUST55528,"APOTEK SAHABAT",BRG0003,AMPICILLIN,5780.70,DUS,34,IDR,BOTOL,Padang,EPM,CAB02,210,VNS,Z32,Apotek
IN6203_BRG0005,IN6203,2022-01-31,CUST55524,"KLINIK GM",BRG0005,"KLORPROMAZINA TABLET SALUT SELAPUT 100 MG",5648.30,DUS,100,IDR,TABLET,Jakarta,EPM,CAB02,203,SLCYL,Z31,Klinik
IN6204_BRG0008,IN6204,2022-06-16,CUST55727,"KLINIK GM",BRG0008,"TETRACYCLINE KAPSUL 250 MG",3991.90,DUS,34,IDR,KAPSUL,Jakarta,EPM,CAB06,204,MARCKS,Z31,Klinik
IN6205_BRG0001,IN6205,2022-01-27,CUST55520,"APOTEK SINAR JAYA",BRG0001,"ACYCLOVIR DUS",1169.91,DUS,8,IDR,DUS,Bekasi,TA,CAB09,206,"OGB & PH",Z32,Apotek
IN6206_BRG0003,IN6206,2022-03-12,CUST55582,"APOTEK TAPAK",BRG0003,AMPICILLIN,10690.60,DUS,23,IDR,BOTOL,Aceh,EPM,CAB01,210,MARCKS,Z32,Apotek
IN6207_BRG0006,IN6207,2022-04-04,CUST55605,"APOTEK TAPAK",BRG0006,"KETOCONAZOLE TABLET 200 MG",2819.20,DUS,12,IDR,TABLET,Aceh,EPM,CAB04,205,"OGB & PH",Z32,Apotek
IN6208_BRG0006,IN6208,2022-01-30,CUST55475,"APOTEK SINAR JAYA",BRG0006,"KETOCONAZOLE TABLET 200 MG",2819.20,DUS,8,IDR,TABLET,Bekasi,TD,CAB09,205,"OGB & PH",Z32,Apotek
IN6209_BRG0001,IN6209,2022-03-16,CUST55586,"KLINIK SAHABAT",BRG0001,"ACYCLOVIR DUS",4592.10,DUS,11,IDR,DUS,Tangerang,TD,CAB01,206,ETIKAL,Z31,Klinik
IN6210_BRG0007,IN6210,2022-01-23,CUST55486,"APOTEK MAJA",BRG0007,"ERGOTAMINE COFFEINE",4592.10,DUS,4,IDR,BOTOL,Kuningan,TA,CAB05,206,ETIKAL,Z32,Apotek
IN6211_BRG0002,IN6211,2022-02-01,CUST55501,"APOTEK MAJA",BRG0002,"ALERGINE TABLET SALUT",2337.50,DUS,18,IDR,DUS,Kuningan,EPM,CAB05,203,ETIKAL,Z32,Apotek
IN6212_BRG0002,IN6212,2022-06-05,CUST55681,"APOTEK MAJA",BRG0002,"ALERGINE TABLET SALUT",2337.50,DUS,2,IDR,DUS,Kuningan,TD,CAB05,203,ETIKAL,Z32,Apotek
IN6213_BRG0002,IN6213,2022-05-03,CUST55701,"APOTEK SAHABAT",BRG0002,"ALERGINE TABLET SALUT",2337.50,DUS,22,IDR,DUS,Padang,TD,CAB10,203,ETIKAL,Z32,Apotek
IN6214_BRG0002,IN6214,2022-01-28,CUST55461,"APOTEK SAHABAT",BRG0002,"ALERGINE TABLET SALUT",2337.50,DUS,21,IDR,DUS,Padang,TD,CAB10,203,ETIKAL,Z32,Apotek
IN6215_BRG0001,IN6215,2022-01-23,CUST55510,"APOTEK MERDEKA",BRG0001,"ACYCLOVIR DUS",1169.91,DUS,14,IDR,DUS,Bandung,TA,CAB03,206,"OGB & PH",Z32,Apotek
IN6216_BRG0007,IN6216,2022-01-23,CUST55456,"APOTEK MAJA",BRG0007,"ERGOTAMINE COFFEINE",4592.10,DUS,98,IDR,BOTOL,Kuningan,TA,CAB05,206,ETIKAL,Z32,Apotek
IN6217_BRG0003,IN6217,2022-01-23,CUST55438,"APOTEK SAHABAT",BRG0003,AMPICILLIN,5780.70,DUS,5,IDR,BOTOL,Padang,TD,CAB02,210,VNS,Z32,Apotek
IN6218_BRG0010,IN6218,2022-04-17,CUST55639,"KLINIK SAHABAT",BRG0010,PARACETAMOL,6940.30,DUS,21,IDR,BOTOL,Tangerang,EPM,CAB08,208,SLCYL,Z31,Klinik
IN6219_BRG0001,IN6219,2022-01-27,CUST55436,"KLINIK SAHABAT",BRG0001,"ACYCLOVIR DUS",4592.10,DUS,34,IDR,DUS,Tangerang,TA,CAB01,206,ETIKAL,Z31,Klinik
IN6220_BRG0005,IN6220,2022-01-23,CUST55444,"KLINIK SAHABAT",BRG0005,"KLORPROMAZINA TABLET SALUT SELAPUT 100 MG",5648.30,DUS,48,IDR,TABLET,Tangerang,TD,CAB08,203,SLCYL,Z31,Klinik
IN6221_BRG0005,IN6221,2022-01-23,CUST55504,"KLINIK SAHABAT",BRG0005,"KLORPROMAZINA TABLET SALUT SELAPUT 100 MG",5648.30,DUS,25,IDR,TABLET,Tangerang,EPM,CAB08,203,SLCYL,Z31,Klinik
IN6222_BRG0003,IN6222,2022-06-02,CUST55678,"APOTEK SAHABAT",BRG0003,AMPICILLIN,5780.70,DUS,1,IDR,BOTOL,Padang,TD,CAB02,210,VNS,Z32,Apotek
IN6223_BRG0004,IN6223,2022-05-02,CUST55633,"APOTEK SAHABAT",BRG0004,"TRAMADOL KAPSUL 50 MG",8700.70,DUS,6,IDR,KAPSUL,Padang,TD,CAB02,201,VNS,Z32,Apotek
IN6224_BRG0004,IN6224,2022-02-17,CUST55559,"KLINIK DR. ANDRI",BRG0004,"TRAMADOL KAPSUL 50 MG",6940.30,DUS,22,IDR,KAPSUL,Lampung,TD,CAB03,201,SLCYL,Z31,Klinik
IN6225_BRG0002,IN6225,2022-04-30,CUST55631,"KLINIK SAHABAT",BRG0002,"ALERGINE TABLET SALUT",2337.50,DUS,44,IDR,DUS,Tangerang,TA,CAB01,203,ETIKAL,Z31,Klinik
IN6226_BRG0007,IN6226,2022-01-31,CUST55416,"APOTEK SAHABAT",BRG0007,"ERGOTAMINE COFFEINE",4592.10,DUS,23,IDR,BOTOL,Padang,EPM,CAB10,206,ETIKAL,Z32,Apotek
IN6227_BRG0002,IN6227,2022-04-10,CUST55611,"APOTEK SAHABAT",BRG0002,"ALERGINE TABLET SALUT",2337.50,DUS,12,IDR,DUS,Padang,TA,CAB10,203,ETIKAL,Z32,Apotek
IN6228_BRG0009,IN6228,2022-01-27,CUST55508,"APOTEK MAJA",BRG0009,"AMBROXOL HC",5780.70,DUS,12,IDR,BOTOL,Kuningan,TD,CAB01,207,VNS,Z32,Apotek
IN6229_BRG0006,IN6229,2022-03-05,CUST55575,"APOTEK TAPAK",BRG0006,"KETOCONAZOLE TABLET 200 MG",2819.20,DUS,5,IDR,TABLET,Aceh,EPM,CAB04,205,"OGB & PH",Z32,Apotek
IN6230_BRG0004,IN6230,2022-01-28,CUST55413,"APOTEK MERDEKA",BRG0004,"TRAMADOL KAPSUL 50 MG",8700.70,DUS,14,IDR,KAPSUL,Bandung,EPM,CAB07,201,VNS,Z32,Apotek
IN6231_BRG0004,IN6231,2022-02-21,CUST55563,"APOTEK MERDEKA",BRG0004,"TRAMADOL KAPSUL 50 MG",8700.70,DUS,24,IDR,KAPSUL,Bandung,TD,CAB07,201,VNS,Z32,Apotek
IN6232_BRG0010,IN6232,2022-04-08,CUST55609,"KLINIK SAHABAT",BRG0010,PARACETAMOL,6940.30,DUS,10,IDR,BOTOL,Tangerang,EPM,CAB08,208,SLCYL,Z31,Klinik
IN6233_BRG0001,IN6233,2022-01-23,CUST55450,"APOTEK MERDEKA",BRG0001,"ACYCLOVIR DUS",1169.91,DUS,24,IDR,DUS,Bandung,EPM,CAB03,206,"OGB & PH",Z32,Apotek
IN6234_BRG0003,IN6234,2022-02-10,CUST55552,"APOTEK TAPAK",BRG0003,AMPICILLIN,10690.60,DUS,67,IDR,BOTOL,Aceh,TD,CAB01,210,MARCKS,Z32,Apotek
IN6235_BRG0002,IN6235,2022-01-30,CUST55451,"KLINIK SAHABAT",BRG0002,"ALERGINE TABLET SALUT",2337.50,DUS,10,IDR,DUS,Tangerang,TD,CAB01,203,ETIKAL,Z31,Klinik
IN6236_BRG0005,IN6236,2022-06-08,CUST55684,"KLINIK SAHABAT",BRG0005,"KLORPROMAZINA TABLET SALUT SELAPUT 100 MG",5648.30,DUS,12,IDR,TABLET,Tangerang,TD,CAB08,203,SLCYL,Z31,Klinik
IN6237_BRG0004,IN6237,2022-04-18,CUST55619,"KLINIK DR. ANDRI",BRG0004,"TRAMADOL KAPSUL 50 MG",6940.30,DUS,10,IDR,KAPSUL,Lampung,EPM,CAB03,201,SLCYL,Z31,Klinik
IN6238_BRG0001,IN6238,2022-01-27,CUST55460,"APOTEK SINAR JAYA",BRG0001,"ACYCLOVIR DUS",1169.91,DUS,9,IDR,DUS,Bekasi,EPM,CAB09,206,"OGB & PH",Z32,Apotek
IN6239_BRG0003,IN6239,2022-03-02,CUST55572,"APOTEK SINAR JAYA",BRG0003,AMPICILLIN,10690.60,DUS,8,IDR,BOTOL,Bekasi,EPM,CAB01,210,MARCKS,Z32,Apotek
IN6240_BRG0002,IN6240,2022-01-30,CUST55541,"KLINIK SAHABAT",BRG0002,"ALERGINE TABLET SALUT",2337.50,DUS,48,IDR,DUS,Tangerang,EPM,CAB01,203,ETIKAL,Z31,Klinik
IN6241_BRG0001,IN6241,2022-01-31,CUST55440,"APOTEK TAPAK",BRG0001,"ACYCLOVIR DUS",1169.91,DUS,79,IDR,DUS,Aceh,EPM,CAB04,206,"OGB & PH",Z32,Apotek
IN6242_BRG0005,IN6242,2022-01-23,CUST55534,"KLINIK SAHABAT",BRG0005,"KLORPROMAZINA TABLET SALUT SELAPUT 100 MG",5648.30,DUS,44,IDR,TABLET,Tangerang,EPM,CAB08,203,SLCYL,Z31,Klinik
IN6243_BRG0006,IN6243,2022-02-01,CUST55525,"APOTEK MERDEKA",BRG0006,"KETOCONAZOLE TABLET 200 MG",2819.20,DUS,67,IDR,TABLET,Bandung,TD,CAB03,205,"OGB & PH",Z32,Apotek
IN6244_BRG0003,IN6244,2022-01-31,CUST55542,"APOTEK SINAR JAYA",BRG0003,AMPICILLIN,10690.60,DUS,21,IDR,BOTOL,Bekasi,TD,CAB01,210,MARCKS,Z32,Apotek
IN6245_BRG0008,IN6245,2022-01-30,CUST55397,"KLINIK GM",BRG0008,"TETRACYCLINE KAPSUL 250 MG",3991.90,DUS,34,IDR,KAPSUL,Jakarta,TD,CAB06,204,MARCKS,Z31,Klinik
IN6246_BRG0004,IN6246,2022-01-28,CUST55533,"APOTEK MERDEKA",BRG0004,"TRAMADOL KAPSUL 50 MG",8700.70,DUS,34,IDR,KAPSUL,Bandung,TA,CAB07,201,VNS,Z32,Apotek
IN6247_BRG0006,IN6247,2022-01-28,CUST55425,"APOTEK TAPAK",BRG0006,"KETOCONAZOLE TABLET 200 MG",2819.20,DUS,10,IDR,TABLET,Aceh,TA,CAB04,205,"OGB & PH",Z32,Apotek
IN6248_BRG0008,IN6248,2022-01-30,CUST55427,"KLINIK GM",BRG0008,"TETRACYCLINE KAPSUL 250 MG",3991.90,DUS,100,IDR,KAPSUL,Jakarta,TD,CAB06,204,MARCKS,Z31,Klinik
IN6249_BRG0004,IN6249,2022-04-30,CUST55703,"APOTEK MAJA",BRG0004,"TRAMADOL KAPSUL 50 MG",8700.70,DUS,25,IDR,KAPSUL,Kuningan,EPM,CAB01,201,VNS,Z32,Apotek
IN6250_BRG0002,IN6250,2022-03-17,CUST55587,"APOTEK SINAR JAYA",BRG0002,"ALERGINE TABLET SALUT",3991.90,DUS,12,IDR,DUS,Bekasi,TA,CAB01,203,MARCKS,Z32,Apotek
IN6251_BRG0008,IN6251,2022-01-23,CUST55387,"APOTEK TAPAK",BRG0008,"TETRACYCLINE KAPSUL 250 MG",3991.90,DUS,1,IDR,KAPSUL,Aceh,TD,CAB07,204,MARCKS,Z32,Apotek
IN6252_BRG0004,IN6252,2022-05-18,CUST55649,"KLINIK DR. ANDRI",BRG0004,"TRAMADOL KAPSUL 50 MG",6940.30,DUS,67,IDR,KAPSUL,Lampung,EPM,CAB03,201,SLCYL,Z31,Klinik
IN6253_BRG0002,IN6253,2022-01-28,CUST55431,"APOTEK SAHABAT",BRG0002,"ALERGINE TABLET SALUT",2337.50,DUS,34,IDR,DUS,Padang,TD,CAB10,203,ETIKAL,Z32,Apotek
IN6254_BRG0005,IN6254,2022-02-02,CUST55544,"KLINIK DR. ANDRI",BRG0005,"KLORPROMAZINA TABLET SALUT SELAPUT 100 MG",5648.30,DUS,12,IDR,TABLET,Lampung,TA,CAB03,203,SLCYL,Z31,Klinik
IN6255_BRG0007,IN6255,2022-01-31,CUST55446,"APOTEK SAHABAT",BRG0007,"ERGOTAMINE COFFEINE",4592.10,DUS,22,IDR,BOTOL,Padang,TA,CAB10,206,ETIKAL,Z32,Apotek
IN6256_BRG0004,IN6256,2022-01-30,CUST55463,"APOTEK MAJA",BRG0004,"TRAMADOL KAPSUL 50 MG",8700.70,DUS,12,IDR,KAPSUL,Kuningan,TA,CAB01,201,VNS,Z32,Apotek
IN6257_BRG0006,IN6257,2022-04-14,CUST55615,"APOTEK MERDEKA",BRG0006,"KETOCONAZOLE TABLET 200 MG",2819.20,DUS,5,IDR,TABLET,Bandung,EPM,CAB03,205,"OGB & PH",Z32,Apotek
IN6258_BRG0005,IN6258,2022-01-27,CUST55484,"KLINIK DR. ANDRI",BRG0005,"KLORPROMAZINA TABLET SALUT SELAPUT 100 MG",5648.30,DUS,1,IDR,TABLET,Lampung,EPM,CAB03,203,SLCYL,Z31,Klinik
IN6259_BRG0006,IN6259,2022-02-01,CUST55405,"APOTEK MERDEKA",BRG0006,"KETOCONAZOLE TABLET 200 MG",2819.20,DUS,19,IDR,TABLET,Bandung,TA,CAB03,205,"OGB & PH",Z32,Apotek
IN6260_BRG0005,IN6260,2022-02-22,CUST55564,"KLINIK SAHABAT",BRG0005,"KLORPROMAZINA TABLET SALUT SELAPUT 100 MG",5648.30,DUS,10,IDR,TABLET,Tangerang,TA,CAB08,203,SLCYL,Z31,Klinik
IN6261_BRG0008,IN6261,2022-02-05,CUST55547,"KLINIK GM",BRG0008,"TETRACYCLINE KAPSUL 250 MG",3991.90,DUS,24,IDR,KAPSUL,Jakarta,TA,CAB06,204,MARCKS,Z31,Klinik
IN6262_BRG0010,IN6262,2022-01-28,CUST55419,"KLINIK GM",BRG0010,PARACETAMOL,6940.30,DUS,67,IDR,BOTOL,Jakarta,TA,CAB02,208,SLCYL,Z31,Klinik
IN6263_BRG0003,IN6263,2022-01-31,CUST55452,"APOTEK SINAR JAYA",BRG0003,AMPICILLIN,10690.60,DUS,130,IDR,BOTOL,Bekasi,TA,CAB01,210,MARCKS,Z32,Apotek
IN6264_BRG0001,IN6264,2022-06-14,CUST55690,"APOTEK MERDEKA",BRG0001,"ACYCLOVIR DUS",1169.91,DUS,15,IDR,DUS,Bandung,EPM,CAB03,206,"OGB & PH",Z32,Apotek
IN6265_BRG0009,IN6265,2022-04-30,CUST55698,"APOTEK MERDEKA",BRG0009,"AMBROXOL HC",5780.70,DUS,25,IDR,BOTOL,Bandung,TD,CAB07,207,VNS,Z32,Apotek
IN6266_BRG0002,IN6266,2022-02-01,CUST55531,"APOTEK MAJA",BRG0002,"ALERGINE TABLET SALUT",2337.50,DUS,34,IDR,DUS,Kuningan,EPM,CAB05,203,ETIKAL,Z32,Apotek
IN6267_BRG0010,IN6267,2022-02-01,CUST55459,"KLINIK SAHABAT",BRG0010,PARACETAMOL,6940.30,DUS,8,IDR,BOTOL,Tangerang,TA,CAB08,208,SLCYL,Z31,Klinik
IN6268_BRG0003,IN6268,2022-06-16,CUST55692,"APOTEK SINAR JAYA",BRG0003,AMPICILLIN,10690.60,DUS,25,IDR,BOTOL,Bekasi,TA,CAB01,210,MARCKS,Z32,Apotek
IN6269_BRG0004,IN6269,2022-02-01,CUST55453,"APOTEK SAHABAT",BRG0004,"TRAMADOL KAPSUL 50 MG",8700.70,DUS,12,IDR,KAPSUL,Padang,EPM,CAB02,201,VNS,Z32,Apotek
IN6270_BRG0007,IN6270,2022-05-03,CUST55696,"APOTEK MAJA",BRG0007,"ERGOTAMINE COFFEINE",4592.10,DUS,19,IDR,BOTOL,Kuningan,EPM,CAB05,206,ETIKAL,Z32,Apotek
IN6271_BRG0005,IN6271,2022-04-03,CUST55604,"KLINIK DR. ANDRI",BRG0005,"KLORPROMAZINA TABLET SALUT SELAPUT 100 MG",5648.30,DUS,22,IDR,TABLET,Lampung,TA,CAB03,203,SLCYL,Z31,Klinik
IN6272_BRG0001,IN6272,2022-05-19,CUST55650,"APOTEK TAPAK",BRG0001,"ACYCLOVIR DUS",1169.91,DUS,98,IDR,DUS,Aceh,TD,CAB04,206,"OGB & PH",Z32,Apotek
IN6273_BRG0005,IN6273,2022-05-03,CUST55634,"KLINIK DR. ANDRI",BRG0005,"KLORPROMAZINA TABLET SALUT SELAPUT 100 MG",5648.30,DUS,79,IDR,TABLET,Lampung,TD,CAB03,203,SLCYL,Z31,Klinik
IN6274_BRG0004,IN6274,2022-02-01,CUST55423,"APOTEK SAHABAT",BRG0004,"TRAMADOL KAPSUL 50 MG",8700.70,DUS,8,IDR,KAPSUL,Padang,EPM,CAB02,201,VNS,Z32,Apotek
IN6275_BRG0009,IN6275,2022-02-26,CUST55568,"APOTEK MAJA",BRG0009,"AMBROXOL HC",5780.70,DUS,67,IDR,BOTOL,Kuningan,EPM,CAB01,207,VNS,Z32,Apotek
IN6276_BRG0002,IN6276,2022-01-30,CUST55481,"KLINIK SAHABAT",BRG0002,"ALERGINE TABLET SALUT",2337.50,DUS,1,IDR,DUS,Tangerang,TD,CAB01,203,ETIKAL,Z31,Klinik
IN6277_BRG0010,IN6277,2022-04-28,CUST55629,"KLINIK GM",BRG0010,PARACETAMOL,6940.30,DUS,34,IDR,BOTOL,Jakarta,EPM,CAB02,208,SLCYL,Z31,Klinik
IN6278_BRG0004,IN6278,2022-01-30,CUST55499,"KLINIK DR. ANDRI",BRG0004,"TRAMADOL KAPSUL 50 MG",6940.30,DUS,14,IDR,KAPSUL,Lampung,TD,CAB03,201,SLCYL,Z31,Klinik
IN6279_BRG0004,IN6279,2022-01-30,CUST55529,"KLINIK DR. ANDRI",BRG0004,"TRAMADOL KAPSUL 50 MG",6940.30,DUS,20,IDR,KAPSUL,Lampung,TD,CAB03,201,SLCYL,Z31,Klinik
IN6280_BRG0005,IN6280,2022-01-23,CUST55384,"KLINIK SAHABAT",BRG0005,"KLORPROMAZINA TABLET SALUT SELAPUT 100 MG",5648.30,DUS,1,IDR,TABLET,Tangerang,TD,CAB04,203,SLCYL,Z31,Klinik
IN6281_BRG0006,IN6281,2022-01-30,CUST55415,"APOTEK SINAR JAYA",BRG0006,"KETOCONAZOLE TABLET 200 MG",2819.20,DUS,10,IDR,TABLET,Bekasi,TA,CAB09,205,"OGB & PH",Z32,Apotek
IN6282_BRG0004,IN6282,2022-05-28,CUST55673,"APOTEK MAJA",BRG0004,"TRAMADOL KAPSUL 50 MG",8700.70,DUS,9,IDR,KAPSUL,Kuningan,EPM,CAB01,201,VNS,Z32,Apotek
IN6283_BRG0005,IN6283,2022-05-19,CUST55664,"KLINIK DR. ANDRI",BRG0005,"KLORPROMAZINA TABLET SALUT SELAPUT 100 MG",5648.30,DUS,10,IDR,TABLET,Lampung,TD,CAB03,203,SLCYL,Z31,Klinik
IN6284_BRG0001,IN6284,2022-01-23,CUST55540,"APOTEK MERDEKA",BRG0001,"ACYCLOVIR DUS",1169.91,DUS,76,IDR,DUS,Bandung,TA,CAB03,206,"OGB & PH",Z32,Apotek
IN6285_BRG0001,IN6285,2022-05-15,CUST55646,"KLINIK SAHABAT",BRG0001,"ACYCLOVIR DUS",4592.10,DUS,130,IDR,DUS,Tangerang,EPM,CAB01,206,ETIKAL,Z31,Klinik
IN6286_BRG0003,IN6286,2022-01-23,CUST55468,"APOTEK SAHABAT",BRG0003,AMPICILLIN,5780.70,DUS,120,IDR,BOTOL,Padang,TD,CAB02,210,VNS,Z32,Apotek
IN6287_BRG0002,IN6287,2022-01-30,CUST55391,"KLINIK SAHABAT",BRG0002,"ALERGINE TABLET SALUT",2337.50,DUS,17,IDR,DUS,Tangerang,TD,CAB01,203,ETIKAL,Z31,Klinik
IN6288_BRG0003,IN6288,2022-06-06,CUST55682,"KLINIK GM",BRG0003,AMPICILLIN,10690.60,DUS,17,IDR,BOTOL,Jakarta,TA,CAB06,210,MARCKS,Z31,Klinik
IN6289_BRG0003,IN6289,2022-01-23,CUST55492,"APOTEK TAPAK",BRG0003,AMPICILLIN,10690.60,DUS,25,IDR,BOTOL,Aceh,TD,CAB01,210,MARCKS,Z32,Apotek
IN6290_BRG0003,IN6290,2022-03-22,CUST55592,"KLINIK GM",BRG0003,AMPICILLIN,10690.60,DUS,67,IDR,BOTOL,Jakarta,EPM,CAB06,210,MARCKS,Z31,Klinik
IN6291_BRG0010,IN6291,2022-02-01,CUST55489,"KLINIK SAHABAT",BRG0010,PARACETAMOL,6940.30,DUS,11,IDR,BOTOL,Tangerang,TD,CAB08,208,SLCYL,Z31,Klinik
IN6292_BRG0002,IN6292,2022-01-28,CUST55467,"APOTEK SINAR JAYA",BRG0002,"ALERGINE TABLET SALUT",3991.90,DUS,10,IDR,DUS,Bekasi,EPM,CAB01,203,MARCKS,Z32,Apotek
IN6293_BRG0010,IN6293,2022-02-01,CUST55519,"KLINIK SAHABAT",BRG0010,PARACETAMOL,6940.30,DUS,4,IDR,BOTOL,Tangerang,TD,CAB08,208,SLCYL,Z31,Klinik
IN6294_BRG0002,IN6294,2022-05-03,CUST55711,"APOTEK MAJA",BRG0002,"ALERGINE TABLET SALUT",2337.50,DUS,98,IDR,DUS,Kuningan,TD,CAB05,203,ETIKAL,Z32,Apotek
IN6295_BRG0004,IN6295,2022-05-22,CUST55653,"APOTEK MERDEKA",BRG0004,"TRAMADOL KAPSUL 50 MG",8700.70,DUS,8,IDR,KAPSUL,Bandung,EPM,CAB07,201,VNS,Z32,Apotek
IN6296_BRG0006,IN6296,2022-06-09,CUST55685,"APOTEK SINAR JAYA",BRG0006,"KETOCONAZOLE TABLET 200 MG",2819.20,DUS,12,IDR,TABLET,Bekasi,TA,CAB09,205,"OGB & PH",Z32,Apotek
IN6297_BRG0002,IN6297,2022-01-20,CUST55381,"APOTEK MAJA",BRG0002,"ALERGINE TABLET SALUT",2337.50,DUS,5,IDR,DUS,Kuningan,TD,CAB01,203,ETIKAL,Z32,Apotek
IN6298_BRG0003,IN6298,2022-05-21,CUST55652,"KLINIK GM",BRG0003,AMPICILLIN,10690.60,DUS,4,IDR,BOTOL,Jakarta,TA,CAB06,210,MARCKS,Z31,Klinik
IN6299_BRG0005,IN6299,2022-01-27,CUST55514,"KLINIK DR. ANDRI",BRG0005,"KLORPROMAZINA TABLET SALUT SELAPUT 100 MG",5648.30,DUS,12,IDR,TABLET,Lampung,EPM,CAB03,203,SLCYL,Z31,Klinik
IN6300_BRG0008,IN6300,2022-02-01,CUST55507,"APOTEK TAPAK",BRG0008,"TETRACYCLINE KAPSUL 250 MG",3991.90,DUS,22,IDR,KAPSUL,Aceh,EPM,CAB01,204,MARCKS,Z32,Apotek
IN6301_BRG0004,IN6301,2022-02-01,CUST55393,"APOTEK SAHABAT",BRG0004,"TRAMADOL KAPSUL 50 MG",8700.70,DUS,12,IDR,KAPSUL,Padang,EPM,CAB02,201,VNS,Z32,Apotek
IN6302_BRG0006,IN6302,2022-02-23,CUST55565,"APOTEK SINAR JAYA",BRG0006,"KETOCONAZOLE TABLET 200 MG",2819.20,DUS,120,IDR,TABLET,Bekasi,EPM,CAB09,205,"OGB & PH",Z32,Apotek
IN6303_BRG0010,IN6303,2022-01-28,CUST55539,"KLINIK GM",BRG0010,PARACETAMOL,6940.30,DUS,95,IDR,BOTOL,Jakarta,TD,CAB02,208,SLCYL,Z31,Klinik
IN6304_BRG0009,IN6304,2022-04-30,CUST55728,"APOTEK MERDEKA",BRG0009,"AMBROXOL HC",5780.70,DUS,44,IDR,BOTOL,Bandung,TD,CAB07,207,VNS,Z32,Apotek
IN6305_BRG0004,IN6305,2022-01-30,CUST55493,"APOTEK MAJA",BRG0004,"TRAMADOL KAPSUL 50 MG",8700.70,DUS,14,IDR,KAPSUL,Kuningan,TA,CAB01,201,VNS,Z32,Apotek
IN6306_BRG0001,IN6306,2022-01-27,CUST55430,"APOTEK SINAR JAYA",BRG0001,"ACYCLOVIR DUS",1169.91,DUS,45,IDR,DUS,Bekasi,EPM,CAB09,206,"OGB & PH",Z32,Apotek
IN6307_BRG0007,IN6307,2022-01-23,CUST55396,"APOTEK MAJA",BRG0007,"ERGOTAMINE COFFEINE",4592.10,DUS,14,IDR,BOTOL,Kuningan,EPM,CAB05,206,ETIKAL,Z32,Apotek
IN6308_BRG0007,IN6308,2022-01-23,CUST55516,"APOTEK MAJA",BRG0007,"ERGOTAMINE COFFEINE",4592.10,DUS,67,IDR,BOTOL,Kuningan,TD,CAB05,206,ETIKAL,Z32,Apotek
IN6309_BRG0008,IN6309,2022-04-26,CUST55627,"APOTEK TAPAK",BRG0008,"TETRACYCLINE KAPSUL 250 MG",3991.90,DUS,45,IDR,KAPSUL,Aceh,TD,CAB01,204,MARCKS,Z32,Apotek
IN6310_BRG0004,IN6310,2022-04-30,CUST55693,"APOTEK SAHABAT",BRG0004,"TRAMADOL KAPSUL 50 MG",8700.70,DUS,14,IDR,KAPSUL,Padang,EPM,CAB02,201,VNS,Z32,Apotek
IN6311_BRG0007,IN6311,2022-01-23,CUST55426,"APOTEK MAJA",BRG0007,"ERGOTAMINE COFFEINE",4592.10,DUS,7,IDR,BOTOL,Kuningan,EPM,CAB05,206,ETIKAL,Z32,Apotek
IN6312_BRG0006,IN6312,2022-05-02,CUST55725,"APOTEK TAPAK",BRG0006,"KETOCONAZOLE TABLET 200 MG",2819.20,DUS,34,IDR,TABLET,Aceh,TD,CAB04,205,"OGB & PH",Z32,Apotek
IN6313_BRG0001,IN6313,2022-04-20,CUST55660,"APOTEK MERDEKA",BRG0001,"ACYCLOVIR DUS",1169.91,DUS,24,IDR,DUS,Bandung,TD,CAB03,206,"OGB & PH",Z32,Apotek
IN6314_BRG0002,IN6314,2022-01-28,CUST55527,"APOTEK SINAR JAYA",BRG0002,"ALERGINE TABLET SALUT",3991.90,DUS,45,IDR,DUS,Bekasi,TA,CAB01,203,MARCKS,Z32,Apotek
IN6315_BRG0004,IN6315,2022-04-21,CUST55643,"APOTEK MAJA",BRG0004,"TRAMADOL KAPSUL 50 MG",8700.70,DUS,14,IDR,KAPSUL,Kuningan,TD,CAB01,201,VNS,Z32,Apotek
IN6316_BRG0003,IN6316,2022-04-19,CUST55662,"APOTEK SINAR JAYA",BRG0003,AMPICILLIN,10690.60,DUS,120,IDR,BOTOL,Bekasi,TA,CAB01,210,MARCKS,Z32,Apotek
IN6317_BRG0003,IN6317,2022-01-23,CUST55522,"APOTEK TAPAK",BRG0003,AMPICILLIN,10690.60,DUS,10,IDR,BOTOL,Aceh,TD,CAB01,210,MARCKS,Z32,Apotek
IN6318_BRG0003,IN6318,2022-01-23,CUST55462,"APOTEK TAPAK",BRG0003,AMPICILLIN,10690.60,DUS,22,IDR,BOTOL,Aceh,TD,CAB01,210,MARCKS,Z32,Apotek
IN6319_BRG0004,IN6319,2022-02-11,CUST55553,"APOTEK MAJA",BRG0004,"TRAMADOL KAPSUL 50 MG",8700.70,DUS,98,IDR,KAPSUL,Kuningan,TD,CAB01,201,VNS,Z32,Apotek
IN6320_BRG0006,IN6320,2022-02-01,CUST55495,"APOTEK MERDEKA",BRG0006,"KETOCONAZOLE TABLET 200 MG",2819.20,DUS,67,IDR,TABLET,Bandung,TD,CAB03,205,"OGB & PH",Z32,Apotek
IN6321_BRG0001,IN6321,2022-01-31,CUST55410,"APOTEK TAPAK",BRG0001,"ACYCLOVIR DUS",1169.91,DUS,22,IDR,DUS,Aceh,EPM,CAB04,206,"OGB & PH",Z32,Apotek
IN6322_BRG0009,IN6322,2022-01-31,CUST55488,"APOTEK MERDEKA",BRG0009,"AMBROXOL HC",5780.70,DUS,17,IDR,BOTOL,Bandung,TD,CAB07,207,VNS,Z32,Apotek
IN6323_BRG0004,IN6323,2022-01-30,CUST55439,"KLINIK DR. ANDRI",BRG0004,"TRAMADOL KAPSUL 50 MG",6940.30,DUS,6,IDR,KAPSUL,Lampung,TA,CAB03,201,SLCYL,Z31,Klinik
IN6324_BRG0007,IN6324,2022-06-10,CUST55686,"APOTEK SAHABAT",BRG0007,"ERGOTAMINE COFFEINE",4592.10,DUS,25,IDR,BOTOL,Padang,EPM,CAB10,206,ETIKAL,Z32,Apotek
IN6325_BRG0002,IN6325,2022-01-28,CUST55521,"APOTEK SAHABAT",BRG0002,"ALERGINE TABLET SALUT",2337.50,DUS,9,IDR,DUS,Padang,EPM,CAB10,203,ETIKAL,Z32,Apotek
IN6326_BRG0009,IN6326,2022-01-31,CUST55458,"APOTEK MERDEKA",BRG0009,"AMBROXOL HC",5780.70,DUS,4,IDR,BOTOL,Bandung,TD,CAB07,207,VNS,Z32,Apotek
IN6327_BRG0009,IN6327,2022-01-27,CUST55448,"APOTEK MAJA",BRG0009,"AMBROXOL HC",5780.70,DUS,25,IDR,BOTOL,Kuningan,TD,CAB01,207,VNS,Z32,Apotek
